Date of Exam/Incident,Exam Name,Conducting Body,Conducting Body Type,Area(s) of Incident,Leak Confirmation Status,Action taken,Note about action Taken,Note about incident,References,Appeared Students,Record Source,year,Category,Outcome,Education Level,Students Affected (Researched),Student Count Basis,Student Count Source,Students
23-06-2014,UP CPMT 2014,"King George's Medical University , Ghaziabadd",State,Uttar Pradesh,confirmed,Exam Cancelled,Legal action against exam mafia,Paper leaked on social media,"CPMT 2014 paper leak: Aspirants dejected, demand compensation | Lucknow News - Times of India (indiatimes.com)",,Kaggle original dataset,2014,Medical,"Cancelled/Postponed, no re-exam recorded",Undergraduate entrance & courses,100358.0,"appeared; Whole UPCPMT 2014 (1,09,295 applied); portal-grade source","UPCPMT Result 2014 - IndiaResults, https://blog.indiaresults.com/news/upcpmt-result-2014-declared-upcpmtee2014in/",100358.0
30-03-2015,Provincial civil services preliminary examination,Uttar Pradesh Public Service Comission,State,Uttar Pradesh,confirmed,Exam Cancelled,Legal action against exam mafia,Paper leaked on social media before exam,Uttar Pradesh civil services exam cancelled after paper leaked on Whatsapp (livemint.com),,Kaggle original dataset,2015,Civil Services & Govt Jobs,"Cancelled/Postponed, no re-exam recorded",Job & recruitment exams,450000.0,appeared; State total at 917 centres; cancelled after WhatsApp leak,"UP civil services prelims paper leaked - The Tribune, https://www.tribuneindia.com/news/archive/nation/up-civil-services-prelims-paper-leaked-inquiry-on-60371",450000.0
03-05-2015,AIPMT 2015,CBSE,Central,All India,confirmed,Exam Cancelled,Legal action against exam mafia,Paper leaked on social media,"AIPMT cancelled, CBSE told to reconduct exam - India Today",,Kaggle original dataset,2015,Medical,"Cancelled/Postponed, no re-exam recorded",Undergraduate entrance & courses,632625.0,registered; National AIPMT 2015 candidature; retest 25-07-2015,"CBSE declares AIPMT results - The Tribune, https://www.tribuneindia.com/news/archive/nation/cbse-declares-aipmt-results-120706",632625.0
25-05-2015,UP CPMT 2015,"King George's Medical University , Lucknow",State,Uttar Pradesh,confirmed,Legal action taken,No Rexam,Paper leaked on social media,Bid to leak UP CPMT answers: 3 MBBS students arrested | Lucknow News - The Indian Express,,Kaggle original dataset,2015,Medical,No judgement — dismissed or no action,Undergraduate entrance & courses,121900.0,registered; Approx 1.21 lakh applied UPCPMT 2015; portal-grade source,"UPCPMT - TargetAdmission, https://www.targetadmission.com/exams/upcpmt",121900.0
01-05-2016,NEET Phase 1 2016,CBSE,Central,Uttar Pradesh,confirmed,Legal action taken,No Rexam,Cheating reported,NEET Phase 1 2016: Paper leaked in Varanasi - India Today,,Kaggle original dataset,2016,Medical,No judgement — dismissed or no action,Undergraduate entrance & courses,600000.0,appeared; National appeared for NEET Phase 1 2016; approx,"NEET 2016 Phase 1 Paper Leak - BYJU'S, https://byjus.com/neet/neet-2016-phase-1-paper-leak/",600000.0
27-12-2016,Review Officer/Assistant Review Officer - 2016,Uttar Pradesh Public Service Comission,State,Uttar Pradesh,confirmed,Exam Cancelled,Legal action against exam mafia,Paper leaked on social media,"UPPSC RO/ARO 2016 Exam Cancelled @uppsc.up.nic.in, Check Here the Tentative Exam Dates (jagranjosh.com)",,Kaggle original dataset,2016,Civil Services & Govt Jobs,"Cancelled/Postponed, no re-exam recorded",Job & recruitment exams,204000.0,appeared; State total (3.85 lakh registered); later cancelled over leak,"UPPSC RO/ARO 2016 exam cancelled - PaGaLGuY, https://www.pagalguy.com/articles/uppsc-ro-aro-2016-exam-cancelled-find-revised-test-date-details-on-uppsc-up-nic-in",204000.0
10-02-2017,HCS (Judicial) Paper -2017 ,Haryana Public Service Commission,State,Haryana,confirmed,Legal action taken and claim dismissed,No Rexam,Paper Leak,"2017 Haryana Judges Paper Leak Case: Prosecution Concludes Arguments, Seeks No Mercy for Accused in ‘Ghastly Act’ - News18",,Kaggle original dataset,2017,Civil Services & Govt Jobs,No judgement — dismissed or no action,Job & recruitment exams,14301.0,"appeared; HCS Judicial 2017 prelims, 109 posts","Haryana civil services: only 27 qualify - Indian Express, https://indianexpress.com/article/india/haryana-civil-services-2017-two-exams-30-grace-marks-later-only-27-qualify-for-post-of-judicial-officers-6252256/",14301.0
06-03-2017,Class 12th Marathi,Maharashtra State Board of Secondary and Higher Secondary Education,State,Maharashtra,confirmed,Legal action taken,No Rexam,Paper leaked on social media,Maharashtra: Two college students arrested in HSC paper leak | Mumbai news - Hindustan Times,,Kaggle original dataset,2017,School Board,No judgement — dismissed or no action,School — Class 12,1505000.0,appeared; Whole Maharashtra HSC 2017,"MSBSHSE HSC Result 2017 - Times of India, https://timesofindia.indiatimes.com/home/education/exam-results/msbshse-hsc-class-12th-result-2017-maharashtra-board-declares-class-12-results/articleshow/58904208.cms",1505000.0
14-03-2017,Class 12th CS and Physics,Himachal Pradesh Board of School Education,State,Himachal Pradesh,confirmed,Exam Cancelled on many centers,Exam cancelled on 1846 centers Legal action taken against involved people,Paper stolen,Himachal Pradesh Class 12 Board Exam Paper Leak - Careerindia,,Kaggle original dataset,2017,School Board,"Cancelled/Postponed, no re-exam recorded",School — Class 12,101945.0,"appeared; Whole HPBOSE plus-two 2017, all streams; portal source","HPBOSE Plus Two Results 2017 - ResultsNIC, https://resultsnic.com/hpbose-plus-two-results-2017/",101945.0
21-02-2018,"CGL 2nd Tier, 2017",Staff Selection Comission,Central,All India,accused,Exam Cancelled,Legal action,Answer Key leaked before exam,SSC CGL paper leak case: Sify staffers among 17 booked by CBI | Education News - The Indian Express,,Kaggle original dataset,2018,Civil Services & Govt Jobs,"Cancelled/Postponed, no re-exam recorded",Job & recruitment exams,190000.0,"appeared; National SSC CGL Tier-II Feb 2018, 9,372 vacancies; approx","SC puts SSC exam result on hold - Times of India, https://timesofindia.indiatimes.com/india/sc-puts-ssc-exam-result-on-hold-after-cbi-says-govt-officials-involved-in-paper-leak/articleshow/65626615.cms",190000.0
19-03-2018,History and political science,Maharashtra State Board of Secondary and Higher Secondary Education,State,Maharashtra,confirmed,Legal action taken,No Rexam,One coaching leaked question paper before exam on their whatsapp group,SSC paper leak: 15 students found with History exam paper on WhatsApp at Kalyan school | Mumbai news - Hindustan Times,,Kaggle original dataset,2018,School Board,No judgement — dismissed or no action,School — Class 10,1751000.0,appeared; Whole Maharashtra SSC 2018,"Maharashtra SSC Result 2018 - Indian Express, https://indianexpress.com/article/education/maharashtra-ssc-result-2018-date-and-time-msbshse-10th-result-to-be-declared-this-week-at-mahresult-nic-in-5205054/",1751000.0
27-03-2018,10th Math and 12th Economics,CBSE,Central,Delhi,confirmed,Exam Cancelled,Legal action,Students got handwritten question paper and many other irregularities reported,CBSE Board Paper Leak 2018 Highlights: Students In Delhi Protest Against Decision To Hold Re-Examination (ndtv.com),,Kaggle original dataset,2018,School Board,"Cancelled/Postponed, no re-exam recorded",School — other/combined,1638428.0,registered; Class 10 Maths paper candidates; Class 12 Economics added ~6 lakh more (both ~22.4 lakh),"CBSE paper leak affects 28 lakh students - Business Standard, https://www.business-standard.com/article/news-ians/cbse-paper-leak-affects-28-lakh-students-118032801382_1.html",1638428.0
05-12-2018, BCS-031,Indria Gandhi National Open University,Central,Delhi,confirmed,Exam Cancelled,Legal action taken against involved people,Paper leaked on social media from a center,"IGNOU Question Paper Leak: Police Register FIR, Quiz Students (ndtv.com)",,Kaggle original dataset,2018,University,"Cancelled/Postponed, no re-exam recorded",Undergraduate entrance & courses,,not found: no credible figure published,,
09-12-2018,Gujarat Police Constable Recruitment,Gujarat Police Recruitment Board,State,Gujarat,confirmed,Exam Cancelled,Legal action taken against involved people,Paper leaked on social media before exam,3 more arrested in Gujarat Police Constable Recruitment paper leak case: Fresh exam on January 6 - India Today,,Kaggle original dataset,2018,Police & Defence,"Cancelled/Postponed, no re-exam recorded",Job & recruitment exams,876000.0,"registered; State total for 9,713 constable posts; exam cancelled hours before start","Gujarat police constable exam cancelled after paper leak - ANI, https://www.aninews.in/news/national/general-news/gujarat-police-constable-recruitment-exam-cancelled-after-paper-leak201812021641170003/",876000.0
24-02-2019,Mother India Language Exam,"Board of Secondary Education, Odisha",State,Odisha,confirmed,Legal action taken,No Rexam,Paper leaked on social media,5 school teachers arrested in Odisha Matric paper leak case for circulating images - India Today,,Kaggle original dataset,2019,School Board,No judgement — dismissed or no action,School — Class 10,587720.0,appeared; Whole BSE Odisha HSC 2019,"BSE Odisha 10th Result 2019 - Hindustan Times, https://www.hindustantimes.com/education/bse-odisha-10th-result-2019-declared-check-odisha-board-matric-result-at-bseodisha-ac-in/story-vEuwkl59K7qBTzFvrsloKM.html",587720.0
25-02-2019,High School Mathematics Exam,Bihar School Examination Board,State,Bihar,confirmed,Legal action taken,No Rexam,Paper leaked on social media before exam,Bihar Board Class 10 Mathematics Question Paper Leaked - AglaSem News,,Kaggle original dataset,2019,School Board,No judgement — dismissed or no action,School — Class 10,1660609.0,registered; Whole BSEB matric 2019,"Bihar Board 10 Result 2019 - Times Now, https://www.timesnownews.com/education/article/biharboardonline-bihar-gov-in-bihar-board-10-result-2019-declared-check-pass-percentage-toppers-and-results/395484",1660609.0
28-08-2019,JE Exam,Railway Recruitment Board,Central,Maharashtra,confirmed,Legal action taken,No Rexam,Screenshots of questions on social media,"RRB JE exam paper leak row: Two booked, question paper circulated from Thane | Jobs News - The Indian Express",,Kaggle original dataset,2019,Engineering,No judgement — dismissed or no action,Job & recruitment exams,202616.0,appeared; All-India RRB JE 2nd-stage CBT shortlist,"RRB JE CBT 2 result 2019 - Indian Express, https://indianexpress.com/article/jobs/rrb-je-cbt-2-result-2019-declared-how-to-check-indianrailways-gov-in-6098301/",202616.0
17-02-2020,Mathematics Prepatory Exam,Karnataka School Examination and Assessment Board,State,Karnataka,confirmed,Legal action taken,No Re-exam,Paper leaked on social media,SSLS preparatory exams: 14 students detained for maths paper leak | Bengaluru News - Times of India (indiatimes.com),,Kaggle original dataset,2020,School Board,No judgement — dismissed or no action,School — other/combined,,not found: no credible figure published,,
04-09-2020,2019 PSC Police Constable Exam,Kerala Public Service Commission,State,Kerala,accused,Legal action taken,No Re-exam,Question paper leaked on social media,Kerala PSC question paper leak case: HC issues notice to state government - India Today,,Kaggle original dataset,2020,Police & Defence,No judgement — dismissed or no action,Job & recruitment exams,,not found: no credible figure published,,
06-08-2021,General Department Competitive Exam,Railway Recruitment Board,Central,Uttar Pradesh,confirmed,No Rexam,Legal action against exam mafia,Paper leaked on social media,GDCE Exam: 11 Railway Employees Under CBI Scanner in Another Paper Leak Scandal Involving Rs 4 Lakh - News18,,Kaggle original dataset,2021,Other Recruitment,No judgement — dismissed or no action,Job & recruitment exams,,not found: no credible figure published,,
02-09-2021,JEE MAINS,National Testing Agency,Central,All India,confirmed,Chargesheet,"Legal action against solvers, but no re-exam",Solving of question paper via remote access at a exam center,JEE Main 2021 Paper Leak Case: What Has Happened So Far (ndtv.com),,Kaggle original dataset,2021,Engineering,No judgement — dismissed or no action,Undergraduate entrance & courses,767700.0,"registered; National JEE Main 2021 Session 4 (4,81,419 appeared)","NTA Press Release 15 Sep 2021 - NTA, https://cdnbbsr.s3waas.gov.in/s3f8e59f4b2fe7c5705bf878bbd494ccdf/uploads/2022/01/2022012160.pdf",767700.0
14-09-2021,National Law aptitude Test,National Law School of India University,Central,All India,accused,,"Question leaked after exam started, so does not affect exam",Paper leaked on social media,'Does Not Affect Integrity Of Exam': NLSIU On Claims Of NLAT Re-Test Paper Leak (livelaw.in),,Kaggle original dataset,2021,University,Legal/administrative action only,Undergraduate entrance & courses,,not found: no credible figure published,,
26-09-2021,Rajasthan Eligibility Examination for Teachers,"BOARD OF SECONDARY EDUCATION, Rajasthan",State,Rajasthan,confirmed,Chargesheet,No Rexam,Paper leaked even after internet shutdown,Enforcement Directorate arrests kingpin of paper leak in Rajasthan teachers' recruitment test | India News - Times of India (indiatimes.com),,Kaggle original dataset,2021,Teacher & Academia,No judgement — dismissed or no action,Job & recruitment exams,1600000.0,registered; Whole REET 2021 L1+L2 combined,"REET Admit Card 2021: ~16 lakh register - Careers360, https://news.careers360.com/reet-admit-card-2021-release-today-approximately-16-lakh-register-for-exam",1600000.0
28-09-2021,Uttar Pradesh Teacher Eligbility Test,"Department of Basic Education, Uttar Pradesh",State,Uttar Pradesh,confirmed,Exam Cancelled,Legal action taken against involved people,Paper leaked on social media,"UPTET paper leak: Official suspended, 1 more arrested | Lucknow News - The Indian Express",,Kaggle original dataset,2021,Teacher & Academia,"Cancelled/Postponed, no re-exam recorded",Job & recruitment exams,2000000.0,registered; Nearly 20 lakh for UPTET 2021 both papers; exam cancelled after leak,"UPTET 2021 cancelled due to paper leak - Careers360, https://news.careers360.com/uptet-2021-cancelled-latest-news-paper-leak-exam-after-month-say-reports",2000000.0
04-12-2021,UKSSSC Exam,Uttarakhand Subordinate Staff Selection Commission,State,Uttarakhand,confirmed,Exam Cancelled,Five more upcoming exam cancelled,Paper leaked on social media,Five recruitment exams cancelled in Uttarakhand after UKSSSC paper leak investigation - India Today,,Kaggle original dataset,2021,Other Recruitment,"Cancelled/Postponed, no re-exam recorded",Job & recruitment exams,160000.0,"appeared; Whole UKSSSC graduate level exam Dec 2021, 916 posts","6 arrested by STF for UKSSSC exam scam - Garhwal Post, https://garhwalpost.in/6-arrested-by-stf-for-uksssc-entrance-exam-scam/",160000.0
12-12-2021,Head Clerk,Gujarat Subordinate Service Selection Board,State,Gujarat,accused,Legal action taken,No Rexam,Selling of question papers,"8 held, FIR against 11 as Gujarat govt admits to GSSSB paper leak | Gandhinagar News - The Indian Express",,Kaggle original dataset,2021,Civil Services & Govt Jobs,No judgement — dismissed or no action,Job & recruitment exams,88000.0,"appeared; GSSSB Head Clerk exam, 186 posts, ~700 centres","Gujarat's Recruitment Scam Model - The Wire, https://m.thewire.in/article/government/gujarats-recruitment-scam-model-11-papers-leaked-201-accused-but-no-action-taken",88000.0
13-12-2021,MHADA Exam,Maharashtra Housing and Area Development Authority,State,Maharashtra,confirmed,Exam Cancelled,Legal action taken against involved people,3 Persons trying to leak paper,MHADA cancels exam after 3 held for bid to leak question paper | Education - Hindustan Times,,Kaggle original dataset,2021,Other Recruitment,"Cancelled/Postponed, no re-exam recorded",Job & recruitment exams,250000.0,registered; Approx 2.5 lakh were to appear; cancelled before conduct,"MHADA recruitment exam put off after paper leak bid - Times of India, https://timesofindia.indiatimes.com/city/pune/mhada-recruitment-exam-put-off-after-paper-leak-bid/articleshow/88244926.cms",250000.0
17-02-2022,High School Mathematics Exam,Bihar School Examination Board,State,Bihar,confirmed,Exam Cancelled,Legal action taken against involved people,Paper leaked on social media,"Bihar Board 10th Maths Exams Cancelled After Paper Leak, Cheating Allegations, Re-exam on March 24, Details here (indianexpress.com)",,Kaggle original dataset,2022,School Board,"Cancelled/Postponed, no re-exam recorded",School — Class 10,1648000.0,registered; Whole BSEB matric 2022 (16.11 lakh appeared),"Bihar Board Matric Exams 2022 - Times of India, https://timesofindia.indiatimes.com/city/patna/16-48l-pupils-to-write-matric-exams-from-today/articleshow/89627666.cms",1648000.0
27-03-2022,sub-inspector recruitment examination,Jammu and Kashmir Services Selection Board,State,Jammu and Kashmir,confirmed,Exam Cancelled,Legal action against exam mafia,Paper leaked on social media,ED arrests Haryana man in J&K paper leak case | India News - Times of India (indiatimes.com),,Kaggle original dataset,2022,Police & Defence,"Cancelled/Postponed, no re-exam recorded",Job & recruitment exams,97000.0,"appeared; JKP SI written exam, 1,200 posts; selection cancelled, CBI probe","Govt cancels SI recruitment, recommends CBI probe - Greater Kashmir, https://www.greaterkashmir.com/jammu/govt-cancels-si-recruitment-recommends-cbi-probe",97000.0
30-03-2022,Class 12th English,Uttar Pradesh State Board of High School and Intermediate Education,State,Uttar Pradesh,confirmed,Exam Cancelled,Exam Cancelled in 24 districts,Paper leaked on social media 5 hours before the exam,"UP Board Class 12 English paper leak case: 7 more arrested, total 24 held so far | Latest News India - Hindustan Times",,Kaggle original dataset,2022,School Board,"Cancelled/Postponed, no re-exam recorded",School — Class 12,2410000.0,registered; Whole UP Board class 12 2022 (22.37 lakh appeared); Ballia English leak,"UP Board 12th results 2022 - Indian Express, https://indianexpress.com/article/education/up-board-12th-results-2022-declared-85-33-students-pass-upresults-nic-in-7977418/",2410000.0
08-05-2022,BPSC 67th Exam,Bihar Public service Comission,State,Bihar,confirmed,Exam Cancelled,Legal action ,Paper leaked on social media,"BPSC: BPSC 67th Paper Leak 2022, Probe Ordered by Bihar Public Service Commission | - Times of India (indiatimes.com)",,Kaggle original dataset,2022,Civil Services & Govt Jobs,"Cancelled/Postponed, no re-exam recorded",Job & recruitment exams,602000.0,registered; Nearly 6.02 lakh applied for BPSC 67th prelims; cancelled same day,"BPSC 67th Paper Leak 2022 - Times of India, https://timesofindia.indiatimes.com/education/news/bpsc-67th-paper-leaked-before-exam-probe-ordered-by-bihar-public-service-commission/articleshow/91422914.cms",602000.0
31-07-2022,Lekhpal Exam,The Uttar Pradesh Subordinate Services Selection Commission ,State,Uttar Pradesh,accused,Legal action taken,"Legal action against solvers, but no re-exam",Proxy candidates as solvers,"UP Lekhpal exam: 'Solvers', candidates among 21 arrested; Akhilesh alleges paper 'leak' – ThePrint – PTIFeed",,Kaggle original dataset,2022,Other Recruitment,No judgement — dismissed or no action,Job & recruitment exams,247667.0,registered; Shortlisted for Lekhpal mains (13.9 lakh applied overall),"UPSSSC Lekhpal Result 2022 - India.com, https://www.india.com/education/upsssc-lekhapal-result-2022-declared-over-24-lakh-candidates-shortlisted-check-details-on-upsssc-gov-in-5376103/",247667.0
26-08-2022,Assistant Civil Engineer,Arunachal Pradesh Public Service Commission,State,Arunachal Pradesh,confirmed,Exam Cancelled,Legal action,Paper leaked on social media,Arunachal paper leak scam: APPSC cancels AE (Civil) recruitment exam (arunachal24.in),,Kaggle original dataset,2022,Civil Services & Govt Jobs,"Cancelled/Postponed, no re-exam recorded",Job & recruitment exams,415.0,"appeared; Whole APPSC AE Civil exam, 33 posts; cancelled over leak","APPSC cancels AE Civil recruitment exam - Eastern Sentinel, https://www.easternsentinel.in/news/state/paper-leak-scandal-appsc-cancels-ae-civil-recruitment-exam.html",415.0
10-09-2022,JE,Himachal Pradesh Staff Selection Commission,State,Himachal Pradesh,confirmed,Exam Cancelled,Legal action taken against involved people,Paper leaked on social media,HPSSC paper leak case: Vigilance bureau SIT files fresh FIR against four persons - Hindustan Times,,Kaggle original dataset,2022,Engineering,"Cancelled/Postponed, no re-exam recorded",Job & recruitment exams,,not found: no credible figure published,,
12-09-2022,Forest Guard Recruitment,Rajasthan Staff Selection Board,State,Rajasthan,accused,Legal action taken,No Rexam,Some candiates accessing paper before the exam,Forest guard exam 2022 paper was leaked: Rajasthan police | Jaipur News - Times of India (indiatimes.com),,Kaggle original dataset,2022,Other Recruitment,No judgement — dismissed or no action,Job & recruitment exams,1636000.0,"registered; Whole RSMSSB Forest Guard exam, 4 shifts Nov 2022; one shift cancelled for leak","16.36 lakh candidates in vanrakshak bharti - Rajasthan Patrika, https://www.patrika.com/videos/special-news/tomorrow-the-biggest-exam-of-the-year-16-36-lakh-candidates-will-sit-7862794",1636000.0
28-09-2022,Diploma in Elementary Education,West Bengal Board of Primary Education,State,West Bengal,accused,Legal action taken,No Rexam,Paper leaked on social media,West Bengal: D.El.Ed paper leaks an hour before exam | Kolkata News - Times of India (indiatimes.com),,Kaggle original dataset,2022,Teacher & Academia,No judgement — dismissed or no action,Postgraduate & professional,42000.0,appeared; WBBPE D.El.Ed Part-II across 160 centres,"CID to probe question paper leak in West Bengal - Hindustan Times, https://www.hindustantimes.com/cities/kolkata-news/cid-to-probe-allegations-of-question-paper-leak-in-west-bengal-101669784293453.html",42000.0
16-10-2022,Group 1 Prelims,Telangana State Public Service Commission,State,Telangana,confirmed,Legal action taken,No Re-exam,Paper leaked on social media,Group I prelims exam paper leaked to 20 persons: Police | Group I prelims exam paper leaked to 20 persons: Police (deccanchronicle.com),,Kaggle original dataset,2022,Civil Services & Govt Jobs,No judgement — dismissed or no action,Job & recruitment exams,286051.0,"appeared; TSPSC Group-1 prelims (~3.8 lakh registered), 503 posts; cancelled over leak","Over 2.8 lakh write exam - Times of India, https://timesofindia.indiatimes.com/city/hyderabad/for-503-group-1-posts-in-telangana-over-2-8-lakh-write-exam/articleshow/94903552.cms",286051.0
21-12-2022,Class 2nd Teacher Recruitment : GK Question Paper,Rajasthan Public Service Commission ,State,Rajasthan,confirmed,Exam Cancelled,Legal action taken against involved people,Paper leaked on social media,Rajasthan 2nd grade teacher recruitment exam paper leaked; 44 held - The Hindu,,Kaggle original dataset,2022,Teacher & Academia,"Cancelled/Postponed, no re-exam recorded",Job & recruitment exams,370000.0,registered; RPSC Sr Teacher Grade II; Group C GK paper cancelled after Udaipur bus leak,"RPSC GK paper leaked - ETV Bharat, https://www.etvbharat.com/hindi/rajasthan/state/ajmer/rpsc-gk-paper-leaked-know-attendance-in-science-paper-of-teacher-recruitment/rj20221224192454571571251",370000.0
03-03-2023,Mathematics Exam,Maharashtra State Board of Secondary and Higher Secondary Education,State,Maharashtra,confirmed,Legal action taken,"Legal action against involved students, but no re-exam",Question paper viral on social media,Now HSC Maths paper leaked in Buldhana 30 minutes before scheduled time - Hindustan Times,,Kaggle original dataset,2023,School Board,No judgement — dismissed or no action,School — other/combined,1457293.0,registered; Whole Maharashtra HSC 2023 total,"Maharashtra 12th exams: over 14 lakh register - Careers360, https://news.careers360.com/maharashtra-12th-exams-underway-over-14-lakh-students-register-board-issues-statistics",1457293.0
05-03-2023, Assitant Civil Engineer,Telangana State Public Service Commission,State,Telangana,confirmed,Exam Cancelled,Legal action taken against involved people,Paper leaked on social media,Telangana State Public Service Commission cancels civil exam over paper 'leak' - India Today,,Kaggle original dataset,2023,Civil Services & Govt Jobs,"Cancelled/Postponed, no re-exam recorded",Job & recruitment exams,54917.0,"appeared; TSPSC AE exam, 837 vacancies; cancelled after leak","TSPSC scraps March 5 engineers exam - New Indian Express, https://www.newindianexpress.com/states/telangana/2023/mar/16/paper-leak-tspsc-scraps-march-5-engineers-exam-intelangana-2556436.html",54917.0
06-03-2023,High School Mathematics Exam,Assam Board of Secondary Education,State,Assam,confirmed,Exam Cancelled,Exam Cancelled in exam centers where irregularties reported, irregularties reported at some exam centers,Assam HSLC exam cancelled after question paper leak; CM summons SEBA secretary - Hindustan Times,,Kaggle original dataset,2023,School Board,"Cancelled/Postponed, no re-exam recorded",School — Class 10,422174.0,registered; Whole Assam HSLC 2023 (4.15 lakh appeared),"Assam HSLC Result 2023 - Career Power, https://www.careerpower.in/school/result/assam-hslc-result-2023",422174.0
18-03-2023,Class 12th Exam,Madhya Pradesh Board of Secondary Education,State,Madhya Pradesh,accused,dismissed claim,Fake news suggested,Claim : question paper leaked  on social media,Police arrests 4 accused in Madhya Pradesh Board Class 10 and 12 question paper leak case - CNBC TV18,,Kaggle original dataset,2023,School Board,No judgement — dismissed or no action,School — Class 12,729426.0,registered; Whole MP Board Class 12 2023 (7.27 lakh appeared),"MP Board Class 12th Results 2023 - Careers360, https://news.careers360.com/mp-board-class-12th-results-2023-announced-at-mpresults-nic-in-pass-percentage",729426.0
03-04-2023,High School Hindi & Telgu ,Telangana Board of intermediate Education,State,Telangana,confirmed,Suspension,Suspension of officials,Paper leaked on Whatsapp at a school,"Class 10 question paper leaked in Telangana, 3 officials suspended - India Today",,Kaggle original dataset,2023,School Board,Legal/administrative action only,School — Class 10,947699.0,appeared; Whole TS Inter 2023 total (both years); Telugu/Hindi leak papers within window,"TS Inter Result 2023 - Firstpost, https://www.firstpost.com/education/ts-inter-result-2023-tsbie-1st-2nd-year-results-out-check-pass-percentage-12567282.html",947699.0
18-05-2023,Class 12th English Exam,Punjab School Education Board,State,Punjab,confirmed,Exam Cancelled,"Redsitributed leaked paper 2nd time, So, again re-exam for 185 students",Paper leaked on social media,"Punjab School Education Board exam: Leaked question papers distributed again, Class 12 students to take exam a 3rd time | Chandigarh News - The Indian Express",,Kaggle original dataset,2023,School Board,Re-exam held or ordered,School — Class 12,296709.0,appeared; Whole PSEB Class 12 2023; 18-05 was rescheduled English paper after Feb leak,"PSEB 12th Result 2023 - SelfStudys, https://www.selfstudys.com/update/pseb-12th-result-2023-out-9247-students-pass-girls-outperform-boys",296709.0
03-06-2023, Nursing Officer Recruitment Common Eligibility Test (NORCET-4),AIIMS,Central,All India,accused,Legal action taken,No Re-exam,Question paper  found on the phones,Students allege leak of AIIMS nursing officer exam paper | Delhi News - The Indian Express,,Kaggle original dataset,2023,Medical,No judgement — dismissed or no action,Job & recruitment exams,50000.0,"appeared; Approx; coaching-portal figure only, 3055 posts","AIIMS NORCET Result 2023 - Oliveboard, https://www.oliveboard.in/blog/aiims-norcet-result-2023/",50000.0
16-07-2023,Junior Engineer,Odisha Staff Selection Commission,State,Odisha,accused,Exam Cancelled,Legal action taken against involved people,Paper leaked on social media,"BJP, Congress attack Odisha government over OSSC recruitment paper leak | Latest News India - Hindustan Times",,Kaggle original dataset,2023,Engineering,"Cancelled/Postponed, no re-exam recorded",Job & recruitment exams,,not found: no credible figure published,,
20-07-2023,BBA Exam,Barkatullah University,State,Madhya Pradesh,accused,Legal action taken,Booked involved students,Question paper  found on the phones,4 students booked in BU's BBA 'paper leak' case | Bhopal News - Times of India (indiatimes.com),,Kaggle original dataset,2023,University,Legal/administrative action only,Undergraduate entrance & courses,,not found: no credible figure published,,
19-09-2023,Occupational English Test,Private Center,Private,Kerala,confirmed,Legal action taken,No Re-exam,Selling of question papers,Thrissur police nab 8 Kottayam natives behind OET question paper leak | Manorama English (onmanorama.com),,Kaggle original dataset,2023,Other Recruitment,No judgement — dismissed or no action,Job & recruitment exams,,not found: no credible figure published,,
01-10-2023,Constable Exam,"Central Selection Board of Constables, Bihar",State,Bihar,confirmed,Exam Cancelled,Legal action and other exams postponed,Paper leaked on social media,SIT formed to probe into constable recruitment exam paper leak case in Bihar (newindianexpress.com),,Kaggle original dataset,2023,Police & Defence,"Cancelled/Postponed, no re-exam recorded",Job & recruitment exams,1800000.0,"registered; Approx 18 lakh applied, 21,391 posts, cancelled after 1 Oct leak","Bihar constable exam leak - Indian Express, https://indianexpress.com/article/cities/patna/admit-cards-candidate-lists-found-after-police-arrest-man-accused-of-leaking-bihar-constable-recruitment-exam-10193670/",1800000.0
22-12-2023,MBA first term exam,Savitribai Phule Pune University,State,Maharashtra,confirmed,Exam Cancelled,Legal action taken against involved people,Paper leaked on social media,"Pune: MBA exam paper leaked on WhatsApp, case registered | Pune News - The Indian Express",183.0,Kaggle original dataset,2023,University,"Cancelled/Postponed, no re-exam recorded",Postgraduate & professional,183.0,as reported in incident coverage,"Pune: MBA exam paper leaked on WhatsApp, case registered | Pune News - The Indian Express",183.0
24-12-2023,Class 10 Bengali pre-board examination,Tripura Board of Secondary Education (TBSE),State,Tripura,confirmed,No action taken,No Re-exam,Paper leaked on social media before exam,Pre-board exam ‘paper leak’ in Tripura: AIDSO seeks stern action against culprits | North East India News - The Indian Express,,Kaggle original dataset,2023,School Board,No judgement — dismissed or no action,School — Class 10,,not found: no credible figure published,,
25-12-2023,Teacher Eligibility Test,West Bengal Board of Primary Education,State,West Bengal,accused,dismissed claim,Fake news suggested,Claim : paper leak,TET Paper Leak: Govt seeks report after TET paper leak on social media | Kolkata News - Times of India (indiatimes.com),,Kaggle original dataset,2023,Teacher & Academia,No judgement — dismissed or no action,Job & recruitment exams,273147.0,"appeared; Whole WB Primary TET Dec 2023 (3,09,054 registered); exam held 24 Dec","WBBPE TET result - Indian Express, https://indianexpress.com/article/education/wbbpe-tet-result-declared-less-than-7000-candidates-qualify-check-result-at-wbbpeonline-com-10270190/",273147.0
26-12-2023,B.Tech CS Question Paper 5th Sem,Parul University,Private,Gujarat,confirmed,Exam Cancelled,Legal action taken against involved people,Selling of question papers,Leaking Exam Papers: Leaking BTech Exam Papers of Parul University Vadodara - Two Arrested | Vadodara News - Times of India (indiatimes.com),,Kaggle original dataset,2023,University,"Cancelled/Postponed, no re-exam recorded",Undergraduate entrance & courses,,not found: no credible figure published,,
28-01-2024,JSSC CGL (JGGLCCE) 2023 exam,Jharkhand Staff Selection Commission (JSSC),State,Jharkhand,confirmed,"Paper-3 (GK) and then both exam days (28 Jan, 4 Feb) cancelled; SIT probe; arrests incl. Jharkhand Assembly under-secretary and sons",Exam scrapped and later re-conducted in Sept 2024; opposition sought CBI probe,GK paper with ~70 answers circulated on WhatsApp the evening before/during exam; ~6.5 lakh had applied,"""Jharkhand JSSC CGL 2024 Exam Canceled Following Paper Leak Reports; Former CM Demands CBI Enquiry"" — India.com, https://www.india.com/education/jssc-cgl-exam-2024-paper-leak-jharkhand-cgl-exam-canceled-following-paper-leak-former-cm-babulal-marandi-demands-cbi-enquiry-6689017/",54300.0,Added 2024-2026 (verified news sources),2024,Civil Services & Govt Jobs,Re-exam held or ordered,Job & recruitment exams,54300.0,as reported in incident coverage,"""Jharkhand JSSC CGL 2024 Exam Canceled Following Paper Leak Reports; Former CM Demands CBI Enquiry"" — India.com, https://www.india.com/education/jssc-cgl-exam-2024-paper-leak-jharkhand-cgl-exam-canceled-following-paper-leak-former-cm-babulal-marandi-demands-cbi-enquiry-6689017/",54300.0
02-02-2024,Madhyamik (Class 10) board exams 2024,West Bengal Board of Secondary Education (WBBSE),State,West Bengal,confirmed,Candidates traced via QR codes on papers; registrations of offenders cancelled (Malda district),Board denied pre-exam leak — papers photographed and circulated on WhatsApp after exams began; exams not cancelled,"Bengali, English and History papers went viral on social media during exams on successive days; over 9 lakh candidates enrolled","""Madhyamik 2024: Registration of two candidates cancelled for 'paper leak'"" — Millennium Post, https://www.millenniumpost.in/bengal/madhyamik-2024-registration-of-two-candidates-cancelled-for-paper-leak-550570",,Added 2024-2026 (verified news sources),2024,School Board,"Cancelled/Postponed, no re-exam recorded",School — Class 10,923013.0,appeared; Whole Madhyamik 2024,"WB Madhyamik Result 2024 - News18, https://www.news18.com/education-career/wb-madhyamik-result-2024-declared-increase-in-pass-percentage-toppers-list-direct-link-wbbse-8874587.html",923013.0
05-02-2024,MP Board Class 10 Hindi exam,Madhya Pradesh Board of Secondary Education (MPBSE),State,Madhya Pradesh,accused,"5 persons detained by cyber police, FIR filed",MPBSE said viral paper did not match the actual Hindi paper; detentions were for spreading fake leak rumours,"Fake leaked Hindi paper circulated in Indore and on social media before exam; Telegram channels also sold fake papers for Rs 500-2,000","""MP Class 10 Board Exam 2024: 5 detained for spreading rumours of Hindi paper leak"" - Careers360, https://news.careers360.com/mp-class-10-board-exam-2024-5-detained-for-spreading-rumours-of-hindi-paper-leak/amp",,Added 2024-2026 (verified news sources),2024,School Board,No judgement — dismissed or no action,School — Class 10,820014.0,"registered; Whole MPBSE Class 10 2024 (8,15,364 appeared)","MP Board Result 2024 - News18, https://www.news18.com/education-career/mp-board-result-2024-date-and-time-mpbse-10th-12th-results-soon-at-mpresults-nic-in-mpbse-nic-in-8851731.html",820014.0
11-02-2024,Review Officer/Assistant Review Officer ,Uttar Pradesh Public Service Comission,State,Uttar Pradesh,confirmed,Exam Cancelled,Legal action against exam mafia,Paper leaked on social media,Four more arrested in RO/ARO exam paper leak; Mastermind still elusive | Lucknow News - Times of India (indiatimes.com),,Kaggle original dataset,2024,Civil Services & Govt Jobs,"Cancelled/Postponed, no re-exam recorded",Job & recruitment exams,1076004.0,"registered; 10,76,004 applications for 411 posts; prelim cancelled after leak","UPPSC RO ARO result 2025 - syndicated, https://www.msn.com/en-in/news/India/uppsc-ro-aro-result-2025-declared-at-uppsc-up-nic-in-download-list-of-qualified-candidates/ar-AA1MIDpL",1076004.0
15-02-2024,CBSE Class 10 and 12 Board Exams 2024 (fake leak claims),Central Board of Secondary Education (CBSE),Central,All India,accused,Advisory issued; monitoring with law enforcement; action under Unfair Means rules and IPC threatened,CBSE said leak claims were fake news by scammers demanding money; no actual leak established,YouTube/Telegram/social media accounts claimed access to 2024 papers ahead of exams beginning Feb 15; CBSE called claims baseless,"""CBSE alerts parents, students against fake news, rumours ahead of board exams 2024"" - Careers360, https://news.careers360.com/cbse-alerts-parents-students-against-fake-news-rumours-ahead-of-class-10-12-board-exams-2024/amp",,Added 2024-2026 (verified news sources),2024,School Board,No judgement — dismissed or no action,School — Class 10,3900000.0,registered; Approx 39 lakh combined Class 10+12 CBSE 2024,"CBSE board 2024 exams from Feb 15 - Indian Express, https://indianexpress.com/article/education/cbse-board-2024-class-10th-12th-exams-from-feb-15-admit-card-reporting-time-9160731/",3900000.0
16-02-2024,High School English Exam,Assam Board of Secondary Education,State,Assam,accused,Claim dissmissed,dissmised as fake news,claim : question paper leaked from one center,Assam Education Minister Ranoj Pegu Dismisses HSLC Question Paper Leak Claims - News18,,Kaggle original dataset,2024,School Board,No judgement — dismissed or no action,School — Class 10,419078.0,"appeared; Whole Assam HSLC 2024 (4,25,966 registered)","Assam HSLC Result 2024 - News18, https://www.news18.com/education-career/assam-hslc-result-2024-released-pass-percentage-at-75-70-chirang-top-performing-district-direct-link-sebaonline-org-8859345.html",419078.0
17-02-2024,Constable Exam,Uttar Pradesh Police Recruitment and Promotion Board,State,Uttar Pradesh,confirmed,Exam Cancelled,Legal action against exam mafia,Paper leaked on social media,Main accused in UP constable exam paper leak arrested: STF | Lucknow News - The Indian Express,,Kaggle original dataset,2024,Police & Defence,"Cancelled/Postponed, no re-exam recorded",Job & recruitment exams,4817441.0,"registered; 48,17,441 registered for 60,244 posts; exam cancelled after leak, re-exam Aug 2024","UP Police Constable result 2024 - Telegraph India, https://www.telegraphindia.com/edugraph/news/upprb-announces-up-police-constable-exam-result-2024-at-uppbpb-gov-in-direct-link-here/cid/2064885",4817441.0
23-02-2024,Odisha HSC (Class 10) English paper,"Board of Secondary Education, Odisha",State,Odisha,accused,"No action; board rejected allegation, said no complaint received in 24 hours",Board VP denied leak; watermarks/barcodes introduced from 2025 to deter leaks,Purported video of English question paper and answer sheet went viral; leak alleged in Keonjhar and Mayurbhanj districts,"""Odisha Class 10 Board Exam 2024: BSE rejects question paper leak allegation"" - Careers360, https://news.careers360.com/odisha-board-rejects-question-paper-leak-allegation/amp",550000.0,Added 2024-2026 (verified news sources),2024,School Board,No judgement — dismissed or no action,School — Class 10,550000.0,as reported in incident coverage,"""Odisha Class 10 Board Exam 2024: BSE rejects question paper leak allegation"" - Careers360, https://news.careers360.com/odisha-board-rejects-question-paper-leak-allegation/amp",550000.0
29-02-2024,UP Board Class 12 (Intermediate) Maths & Biology papers,Uttar Pradesh Madhyamik Shiksha Parishad (UPMSP),State,Uttar Pradesh,confirmed,FIR lodged; mastermind arrested in Agra; Shri Atar Singh Inter College de-recognised,"Exam not cancelled — board said papers were shared on WhatsApp over an hour after exam began, sanctity not affected",Papers circulated at 3:10 pm during second shift from a college computer operator,"""UP Board Exam 2024 Paper Leak: UPMSP removes recognition of college from where papers were circulated"" — India TV News, https://www.indiatvnews.com/education/news/up-paper-leak-2024-uttar-pradesh-board-removes-recognition-of-shri-atar-singh-inter-college-agra-2024-03-01-919469",,Added 2024-2026 (verified news sources),2024,School Board,"Cancelled/Postponed, no re-exam recorded",School — Class 12,2577997.0,registered; Whole UP Board Class 12 2024,"UP Board Exams 2024 - Hindustan Times, https://www.hindustantimes.com/cities/others/up-board-exams-2-90-lakh-cctvs-to-oversee-55-lakh-examinees-8-265-centres-101708536923311.html",2577997.0
01-03-2024,HBSE Class 12 Urdu paper (Nuh),Board of School Education Haryana (BSEH),State,Haryana,confirmed,"Exam cancelled by board; FIR under Haryana Public Examination Act; Class 12 student apprehended; centre superintendent, observer and supervisor relieved of duty",Paper cancelled after copy went viral on social media; student later bailed after joining probe,"Urdu paper leaked from Govt Sr Sec School exam centre Tapkan, Nuh, and went viral on WhatsApp","""Class 12 student apprehended for leaking Haryana board Urdu question paper in Nuh"" - ThePrint, https://theprint.in/india/class-12-student-apprehended-for-leaking-haryana-board-urdu-question-paper-in-nuh/1986466/",,Added 2024-2026 (verified news sources),2024,School Board,"Cancelled/Postponed, no re-exam recorded",School — Class 12,213504.0,appeared; Whole HBSE Class 12 2024 regular candidates,"HBSE Class 12 Results 2024 - News18, https://www.news18.com/education-career/hbse-class-12-results-2024-85-31-students-pass-mahendragarh-emerges-as-best-performing-district-8872291.html",213504.0
17-03-2024,Civil Services Prelims,Jharkhand Public Service Commission,State,Jharkhand,accused,Reports Denied,dissmised as fake news,Video calimed that seal of question papers found broken,JPSC Conducts Civil Services Prelims: JPSC Conducts Civil Services Prelims Amid Paper Leak Controversy | Ranchi News - Times of India (indiatimes.com),,Kaggle original dataset,2024,Civil Services & Govt Jobs,No judgement — dismissed or no action,Job & recruitment exams,350000.0,"appeared; Approx 3.5 lakh at 834 centres, combined 11th-13th prelims","JPSC PT exam - Prabhat Khabar, https://www.prabhatkhabar.com/state/jharkhand/ranchi/jpsc-news-350000-candidates-for-11th-12th-13th-civil-services-pt-exam-at-834-centers-mtj",350000.0
16-04-2024,Teacher Recruitment Exam,Bihar Public service Comission,State,Bihar,confirmed,Exam Cancelled,Legal action against exam mafia,Paper leaked on social media,TRE 3.0 Paper Leak: Tre 3.0 Paper Leak Case: Five Key Accused Produced In Court | Patna News - Times of India (indiatimes.com),,Kaggle original dataset,2024,Teacher & Academia,"Cancelled/Postponed, no re-exam recorded",Job & recruitment exams,375000.0,"appeared; Approx 3.75 lakh on 15 Mar 2024; exam cancelled after leak, re-exam Jul 2024","BPSC TRE 3 re-exam - India Today, https://www.indiatoday.in/education-today/notification/story/bpsc-tre-3-re-exam-dates-out-after-march-paper-leak-check-detailed-timetable-2560056-2024-06-29",375000.0
28-04-2024,VIT Engineering Exam,VIT,Private,All India,confirmed,Chargesheet,Legal action against exam mafia,Leaking of question paper via remote access at a exam center,Engineering entrance exam: STF arrests 2 for VIT question paper leak - Hindustan Times,,Kaggle original dataset,2024,Engineering,Legal/administrative action only,Undergraduate entrance & courses,200000.0,appeared; Approx over 2 lakh for VITEEE 2024,"VITEEE Result 2024 - Zee News, https://zeenews.india.com/education/viteee-result-2024-declared-at-viteee-vit-ac-in-direct-link-steps-to-check-scores-here-2746242.html",200000.0
05-05-2024,NEET-UG 2024 (medical entrance),National Testing Agency (NTA),Central,All India,confirmed,"CBI probe ordered (June 2024); dozens arrested incl. Patna-Hazaribagh gang; NTA DG removed; Supreme Court monitored case; Public Examinations (Prevention of Unfair Means) Act invoked; re-test for 1,563 grace-mark candidates","SC held leak was real but localised (Patna/Hazaribagh), declined full cancellation as impact ""not systemic""; CBI filed chargesheets",Paper leaked/solved night before exam and circulated via WhatsApp; solver gang allegedly charged Rs 30-60 lakh per candidate,"""NEET-UG 2024 - Supreme Court Seeks NTA Response On Plea For CBI Probe On Alleged Paper Leak"" — LiveLaw, https://www.livelaw.in/top-stories/supreme-court-plea-for-cbi-investigation-neet-ug-2024-paper-leak-notice-issued-260490",2333297.0,Added 2024-2026 (verified news sources),2024,Medical,Re-exam held or ordered,Undergraduate entrance & courses,2333297.0,as reported in incident coverage,"""NEET-UG 2024 - Supreme Court Seeks NTA Response On Plea For CBI Probe On Alleged Paper Leak"" — LiveLaw, https://www.livelaw.in/top-stories/supreme-court-plea-for-cbi-investigation-neet-ug-2024-paper-leak-notice-issued-260490",2333297.0
28-05-2024,MBA Semster Exam,Devi Ahilya Vishwavidyalaya's (DAVV),State,Madhya Pradesh,confirmed,Exam Cancelled,Legal action taken against involved people,Paper leaked on social media before exam,Indore: Question Papers Of Two Subjects Of MBA In DAVV Leaked 15 Hours Before Exam: Both Exams Cancelled (freepressjournal.in),,Kaggle original dataset,2024,University,"Cancelled/Postponed, no re-exam recorded",Postgraduate & professional,,not found: no credible figure published,,
09-06-2024,ADC Recruitment Exam,Tripura Tribal Areas Autonomous District Council,State,Tripura,confirmed,Legal action taken,No Re-exam,Answer Key leaked before exam,adc exam’s answer key leaked one arrested | tripuratimes,,Kaggle original dataset,2024,Other Recruitment,No judgement — dismissed or no action,Job & recruitment exams,26000.0,registered; Applicants for 110 TTAADC posts; exam cancelled day before over answer key leak,"Tripura ADC recruitment exam cancelled - Indian Express, https://indianexpress.com/article/india/tripura-adc-recruitment-exam-cancelled-day-before-test-leaked-answer-key-9380471/",26000.0
18-06-2024,UGC NET 2024,National Testing Agency,Central,All India,accused,No Rexam,Exam cancellation decision overruled by Supreme Court,accusation of paper leak,"Supreme Court upholds decision to cancel UGC NET 2024 exam, allows re-examination on August 21 | Mint (livemint.com)",,Kaggle original dataset,2024,Teacher & Academia,No judgement — dismissed or no action,Postgraduate & professional,908580.0,"appeared; 9,08,580 appeared (81%) of 11,21,225 registered; cancelled next day","UGC NET June 2024 records 81% attendance - Careers360, https://news.careers360.com/ugc-net-june-2024-records-81-percent-attendance-9-08-lakh-candidates-appeared-for-omr-mode-exam",908580.0
23-06-2024,NEET-PG 2024 (medical PG entrance),National Board of Examinations in Medical Sciences (NBEMS),Central,All India,accused,Exam postponed hours before scheduled date (23 June) as precautionary measure; process robustness audit ordered; exam later held 11 Aug 2024,Postponed amid NEET-UG/UGC-NET leak wave and fraudster claims of selling papers; no actual leak established,"2,28,757 registered candidates in 292 cities affected by last-minute postponement","""NEET PG 2024 scheduled for June 23 postponed as precautionary measure, fresh date soon"" — The Tribune, https://www.tribuneindia.com/news/india/neet-pg-2024-scheduled-for-june-23-postponed-as-precautionary-measure-fresh-date-soon-633168",228757.0,Added 2024-2026 (verified news sources),2024,Medical,"Cancelled/Postponed, no re-exam recorded",Postgraduate & professional,228757.0,as reported in incident coverage,"""NEET PG 2024 scheduled for June 23 postponed as precautionary measure, fresh date soon"" — The Tribune, https://www.tribuneindia.com/news/india/neet-pg-2024-scheduled-for-june-23-postponed-as-precautionary-measure-fresh-date-soon-633168",228757.0
25-06-2024,Joint CSIR-UGC NET June 2024,National Testing Agency (NTA),Central,All India,accused,Exam (scheduled 25-27 June) postponed; later conducted 25-27 July 2024,Officially cited unavoidable circumstances/logistic issues; postponement widely reported as precaution amid apprehensions the exam could be compromised following NEET-UG/UGC-NET leaks,Part of June 2024 exam-integrity crisis that also saw UGC-NET cancelled and NTA DG removed,"""2024: Year of paper leaks, test cancellations, widespread protests and exam reforms"" — ThePrint (PTI), https://theprint.in/india/2024-year-of-paper-leaks-test-cancellations-widespread-protests-and-exam-reforms/2425821/",,Added 2024-2026 (verified news sources),2024,Teacher & Academia,"Cancelled/Postponed, no re-exam recorded",Postgraduate & professional,225335.0,"registered; 2,25,335 registered (1,63,529 appeared at rescheduled July exam)","CSIR UGC NET results 2024 - Careers360, https://news.careers360.com/csir-ugc-net-results-2024-out-cut-off-163529-candidates-appeared-scorecard-csirnet-nta-ac-in-official-website-soon",225335.0
30-06-2024,Agriculture Development Officers ,Punjab Public Service Comission,State,Punjab,accused,,No Rexam,Claim: Offical demanded bribe for leaking paper,"Now, ADO recruitment exam in Punjab under paper leak cloud; Opposition tears into state govt (indianexpress.com)",,Kaggle original dataset,2024,Civil Services & Govt Jobs,No judgement — dismissed or no action,Job & recruitment exams,4100.0,"appeared; At least 4,100 for 200 ADO posts; approximate","ADO recruitment exam in Punjab under paper leak cloud - Indian Express, https://indianexpress.com/article/cities/chandigarh/ado-recruitment-exam-punjab-leak-9443747/",4100.0
06-07-2024,Foreign Medical Graduate Examination,National Board of Examinations in Medical Sciences (NBEMS),Central,Kerala,accused,Legal action taken and claim dismissed,"No Rexam and checking of evidence, claim dismissed",Paper leaked on social media,‘So far no evidence’: Kerala Police on FMGE ‘paper leak’ | Thiruvananthapuram News - The Indian Express,,Kaggle original dataset,2024,Medical,No judgement — dismissed or no action,Postgraduate & professional,34608.0,"appeared; 34,608 appeared of 35,819 registered, FMGE June 2024","How Many Students Appeared For FMGE 2024 - Careers360, https://medicine.careers360.com/articles/how-many-students-appeared-for-fmge-2024",34608.0
04-08-2024,MBA 1st year Exam,Pondicherry University,Central,Pondicherry,confirmed,Exam Cancelled,Legal action against exam mafia,Paper leaked on social media before exam,"Pondicherry University First-year MBBS Exam Paper Leaked, Test Postponed - News18",,Kaggle original dataset,2024,University,"Cancelled/Postponed, no re-exam recorded",Postgraduate & professional,,not found: no credible figure published,,
26-08-2024,B.Ed. 4th Sem Exam : Creating an Inclusive School,Tamil Nadu Teachers Education University,State,Tamil Nadu,accused,Alternative Question Paper Used,Alternative Question Paper Used,Paper leaked on social media before exam,TNTEU registrar relieved after reports of B.Ed exam paper leak (dtnext.in),,Kaggle original dataset,2024,Teacher & Academia,Re-exam held or ordered,Postgraduate & professional,,not found: no credible figure published,,
15-09-2024,Assam Direct Recruitment Exam (ADRE) Grade III written exam,"State Level Recruitment Commission, Govt of Assam",State,Assam,accused,"Three arrested in Dhemaji (photographer, invigilator, candidate) for scanning and circulating question paper; ~10 more questioned","Exam not cancelled — DGP said technical analysis showed paper was scanned after exam ended, ruling out pre-exam leak","Question paper image went viral on social media, triggering leak allegations","""ADRE question paper leak: Photographer, invigilator, candidate held; further probe on"" — The Assam Tribune, https://assamtribune.com/assam/adre-question-paper-leak-photographer-invigilator-candidate-held-further-probe-on-1551668",1123204.0,Added 2024-2026 (verified news sources),2024,Other Recruitment,Re-exam held or ordered,Job & recruitment exams,1123204.0,as reported in incident coverage,"""ADRE question paper leak: Photographer, invigilator, candidate held; further probe on"" — The Assam Tribune, https://assamtribune.com/assam/adre-question-paper-leak-photographer-invigilator-candidate-held-further-probe-on-1551668",1123204.0
20-09-2024,OSSSC CRE-II & CRE-IV CBT exams (Forester/Forest Guard/RI/ARI/Amin/ICDS Supervisor),Odisha Subordinate Staff Selection Commission (OSSSC),State,Odisha,accused,Government ordered probe by senior officials/crime branch after inputs about paper leak,"Hundreds of aspirants protested and gheraoed minister's residence demanding cancellation; recruitment was for 2,895 posts",Alleged large-scale irregularities including exams effectively run from cyber cafes in Bhubaneswar,"""OSSSC RI, Amin paper leak: Odisha govt assures transparent exam, apt decision"" — OdishaTV, https://odishatv.in/news/odisha/osssc-ri-amin-paper-leak-odisha-govt-assures-transparent-exam-apt-decision-246766",,Added 2024-2026 (verified news sources),2024,Civil Services & Govt Jobs,Legal/administrative action only,Job & recruitment exams,500000.0,"appeared; Nearly 5 lakh statewide for OSSSC CRE CBT Sept-Oct 2024, 2,895 posts; approximate","Tension at OSSSC exam centre - New Indian Express, https://www.newindianexpress.com/states/odisha/2024/Oct/01/tension-at-osssc-exam-centre-over-irregularities",500000.0
21-09-2024,JSSC CGL 2024 re-exam (21-22 Sept),Jharkhand Staff Selection Commission (JSSC),State,Jharkhand,accused,"FIR registered on Jharkhand HC order; CID/SIT probe; HC stayed results (Dec 2024), later rejected CBI-probe plea and ordered results released after CID found no substantial leak evidence",Thousands protested outside JSSC office in Ranchi demanding cancellation; students marched 100+ km alleging leaked/repeated questions,"Exam for 2,000+ posts across 823 centres; commission shortlisted 2,145 candidates on 5 Dec 2024","""Jharkhand HC rejects plea for CBI probe into JSSC-CGL 'paper leak', orders release of results"" — Lokmat Times (IANS), https://www.lokmattimes.com/national/jharkhand-hc-rejects-plea-for-cbi-probe-into-jssc-cgl-paper-leak-orders-release-of-results/",304769.0,Added 2024-2026 (verified news sources),2024,Civil Services & Govt Jobs,Legal/administrative action only,Job & recruitment exams,304769.0,as reported in incident coverage,"""Jharkhand HC rejects plea for CBI probe into JSSC-CGL 'paper leak', orders release of results"" — Lokmat Times (IANS), https://www.lokmattimes.com/national/jharkhand-hc-rejects-plea-for-cbi-probe-into-jssc-cgl-paper-leak-orders-release-of-results/",304769.0
01-12-2024,"Bihar Community Health Officer (CHO) recruitment online exam (4,500 posts)",State Health Society Bihar (NHM),State,Bihar,confirmed,"Exam cancelled on 2 Dec 2024; EOU/Patna Police raided 12 online centres; 37 arrested incl. centre heads, IT manager, coordinator and examinees",Re-exam promised with new dates; probe found exam software sabotaged via proxy servers and remote-view applications at rigged online centres,Online CBT compromised at multiple exam centres already under suspicion; malpractice confirmed on day one,"""NHM Bihar CHO 2024 recruitment exam cancelled due to paper leak"" — India TV News, https://www.indiatvnews.com/jobs/news/nhm-bihar-cho-2024-recruitment-exam-cancelled-due-to-paper-leak-2024-12-02-964328",,Added 2024-2026 (verified news sources),2024,Medical,Re-exam held or ordered,Job & recruitment exams,,not found: no credible figure published,,
13-12-2024,BPSC 70th Integrated Combined Competitive (Prelims) Exam,Bihar Public Service Commission (BPSC),State,Bihar,accused,"BPSC refused statewide cancellation, called leak claims a conspiracy; ordered re-exam (4 Jan 2025) only for ~12,000 Bapu Sabhagar Pariksha Kendra (Patna) candidates; police lathi-charged protesting aspirants",Weeks of protests in Patna demanding full re-exam; no statewide leak officially established,300-400 candidates at Bapu centre boycotted mid-exam alleging paper was on social media before start; question paper distribution was delayed at the centre,"""Explainer: Key Events Leading To BPSC 70th Exam Protest"" — ETV Bharat, https://www.etvbharat.com/en/!bharat/explainer-key-events-leading-to-bihar-public-service-commission-bpsc-exam-protest-enn24122904285",325000.0,Added 2024-2026 (verified news sources),2024,Civil Services & Govt Jobs,Legal/administrative action only,Job & recruitment exams,325000.0,as reported in incident coverage,"""Explainer: Key Events Leading To BPSC 70th Exam Protest"" — ETV Bharat, https://www.etvbharat.com/en/!bharat/explainer-key-events-leading-to-bihar-public-service-commission-bpsc-exam-protest-enn24122904285",325000.0
13-12-2024,Kerala SSLC (Class 10 English) & Class 11 Maths half-yearly Christmas exams,"General Education Department, Govt of Kerala (Pareeksha Bhavan)",State,Kerala,confirmed,Crime Branch probe ordered; school peon arrested for passing papers to coaching centre; six-member departmental committee formed,"YouTube channel MS Solutions, which published the questions before exams, suspended operations; former teacher named as uploader","Question papers surfaced on YouTube prior to the exams, leaked from an unaided school in Malappuram","""Question paper leak: Kerala Crime branch arrests school attendant"" — The South First, https://thesouthfirst.com/kerala/question-paper-leak-kerala-crime-branch-arrests-school-peon/",,Added 2024-2026 (verified news sources),2024,School Board,Legal/administrative action only,School — other/combined,427000.0,appeared; Proxy: 4.27 lakh regular SSLC candidates in the 2024-25 Kerala cohort,"SSLC HSE VHSE exams begin across Kerala - New Indian Express, https://www.newindianexpress.com/states/kerala/2025/Mar/03/sslc-hse-vhse-exams-begin-across-kerala-with-13-lakh-students-appearing",427000.0
21-01-2025,MP Board Pre-Board Exams (Class 10 and 12),Madhya Pradesh Board of Secondary Education (MPBSE),State,Madhya Pradesh,confirmed,No cancellation (practice exams); District Education Officer acknowledged leak likely at photocopy shops; cyber monitoring of 20+ Telegram groups ordered for main exams,Officials downplayed impact saying pre-boards have no pass/fail provision; MPBSE later warned of 3-year jail for leaking main exam papers,"Class 12 Biology paper leaked 2 hours before exam, English 6 hours before, Maths 21 hours before, circulated via Telegram, Instagram and YouTube accounts posing as MP Board","""10th-12th Pre-Board Exam Papers Leaked: Students Find Papers on Telegram, Instagram, and YouTube"" - Patrika, https://www.patrika.com/en/education-news/10th-12th-pre-board-exam-papers-leaked-students-find-papers-on-telegram-instagram-and-youtube-19336376",,Added 2024-2026 (verified news sources),2025,School Board,Legal/administrative action only,School — Class 10,1660252.0,registered; Proxy: MPBSE main-exam 2025 registration for the pre-board cohort,"MP Board Exams 2025 - Shiksha, https://www.shiksha.com/news/boards-mp-board-exams-2025-mpbse-class-12-exam-begins-with-strict-guidelines-blogId-191380",1660252.0
17-02-2025,CBSE Class 10 and 12 Board Exams 2025 (fake leak claims),Central Board of Secondary Education (CBSE),Central,All India,accused,Board refuted claims as baseless; warned of legal action and Unfair Means penalties; coordinated with police,CBSE said rumours (including a viral video) were panic-mongering; no leak established,Social media posts and videos claimed access to 2025 papers days after exams began Feb 15; CBSE issued formal denial,"""CBSE refutes paper leak claims as 'baseless,' warns against panic-mongering"" - Business Standard, https://www.business-standard.com/education/news/cbse-refutes-paper-leak-claims-as-baseless-warns-against-panic-mongering-nc-125021700789_1.html",,Added 2024-2026 (verified news sources),2025,School Board,No judgement — dismissed or no action,School — Class 10,4200237.0,"registered; CBSE Class 10+12 2025 total 42,00,237","CBSE warns against fake paper leak rumours - News18, https://www.news18.com/education-career/cbse-warns-against-fake-paper-leak-rumours-amid-ongoing-class-10-12-exams-9230265.html",4200237.0
18-02-2025,JAC Class 10 (Matric) Hindi paper,Jharkhand Academic Council (JAC),State,Jharkhand,confirmed,"Exam cancelled; re-exam held March 7, 2025; 10 arrested including mastermind who stole paper while unloading bundles from truck",JAC confirmed leak after probe; DCs of Koderma and Giridih asked for reports in 24 hours; issue rocked state assembly,Hindi paper leaked hours before Feb 18 exam and went viral; original copy recovered from accused's house,"""Jharkhand Academic Council cancels Hindi, Science Class 10 board exams after paper leak"" - Deccan Herald, https://www.deccanherald.com/india/jharkhand/jharkhand-academic-council-cancels-hindi-science-class-10-board-exams-after-paper-leak-3414252",,Added 2024-2026 (verified news sources),2025,School Board,Re-exam held or ordered,School — Class 10,433944.0,"registered; JAC matric 2025: 4,33,944 registered, 4,31,488 appeared","JAC 10th Results 2025 - India Today, https://bestcolleges.indiatoday.in/news-detail/jac-10th-results-2025-out-jharkhand-class-10-matric-results-announced-3659",433944.0
20-02-2025,JAC Class 10 (Matric) Science paper,Jharkhand Academic Council (JAC),State,Jharkhand,confirmed,"Exam cancelled; re-exam held March 8, 2025; part of 10 arrests in combined leak case",JAC declared conducted exam invalid after confirming leak,Science paper went viral on social media before the Feb 20 exam,"""JAC cancels Class 10 science, Hindi papers amid paper leak reports"" - Careers360, https://news.careers360.com/jharkhand-board-exams-2025-jac-cancels-class-10-science-hindi-papers-amid-paper-leak-reports",,Added 2024-2026 (verified news sources),2025,School Board,Re-exam held or ordered,School — Class 10,433944.0,registered; Same JAC matric 2025 cohort (Science paper),"JAC 10th Results 2025 - India Today, https://bestcolleges.indiatoday.in/news-detail/jac-10th-results-2025-out-jharkhand-class-10-matric-results-announced-3659",433944.0
21-02-2025,Maharashtra SSC (Class 10) Board Exam Marathi paper,Maharashtra State Board of Secondary and Higher Secondary Education (MSBSHSE),State,Maharashtra,accused,Divisional education board (Chhatrapati Sambhajinagar) sought report from education officers; inquiry initiated,No cancellation; no official confirmation of pre-exam leak by education department,"On day 1 of SSC exams, photocopies of the Marathi paper with answers were reportedly circulated in Mantha taluka, Jalna district within minutes of exam start","""Maharashtra SSC Paper Leak 2025: State Board Initiates Inquiry"" - CareerPower News, https://www.careerpower.in/school/news/maharashtra-ssc-paper-leak-2025-state-board-initiates-inquiry",,Added 2024-2026 (verified news sources),2025,School Board,Re-exam held or ordered,School — Class 10,1611610.0,"registered; Maharashtra SSC 2025: 16,11,610 registered","Maharashtra SSC exam begins tomorrow - Indian Express, https://indianexpress.com/article/cities/pune/maharashtra-ssc-exam-9846562/",1611610.0
25-02-2025,Manipur HSLC (Class 10) Social Science paper,Board of Secondary Education Manipur (BOSEM),State,Manipur,confirmed,BOSEM filed complaint with Manipur Cyber Crime Unit; two teachers from Thoubal arrested March 2,Board exam committee deliberated re-exam but did not cancel the conducted paper; guilty face minimum 5 years jail and Rs 10 lakh fine,"Paper leaked on WhatsApp groups around 8:30 am, 30 minutes before the 9 am exam","""HSLC 2025 question paper leaked 30 minutes before exam, DESAM demands investigation"" - Imphal Times, https://www.imphaltimes.com/news/hslc-2025-question-paper-leaked-30-minutes-before-exam-desam-demands-investigation/",,Added 2024-2026 (verified news sources),2025,School Board,Legal/administrative action only,School — Class 10,36943.0,"appeared; Manipur HSLC 2025: 36,943 appeared","BSEM Manipur 10th Result 2025 - Careers360, https://school.careers360.com/boards/bsem/manipur-10th-class-results-2025",36943.0
27-02-2025,HBSE Class 12 English paper,Board of School Education Haryana (BSEH),State,Haryana,confirmed,"Exam cancelled in Palwal; two invigilators arrested in Sonipat; FIR against a student and centre superintendent; re-exam held March 29, 2025","2,044 candidates (English plus Class 10 maths) reappeared in re-exams; 37 students caught cheating during 2025 exams","English paper leaked on WhatsApp within 30 minutes of exam start; leaks reported from Palwal, Sonipat and Nuh","""Haryana Board Class 10, 12 re-exam 2025 on March 27, 29; 2,044 students to appear"" - Careers360, https://news.careers360.com/haryana-board-class-10-12-re-exam-2025-date-hbse-march-27-29-bseh-paper-leak-english-maths-2044-students-report",2044.0,Added 2024-2026 (verified news sources),2025,School Board,Re-exam held or ordered,School — Class 12,2044.0,as reported in incident coverage,"""Haryana Board Class 10, 12 re-exam 2025 on March 27, 29; 2,044 students to appear"" - Careers360, https://news.careers360.com/haryana-board-class-10-12-re-exam-2025-date-hbse-march-27-29-bseh-paper-leak-english-maths-2044-students-report",2044.0
28-02-2025,HBSE Class 10 Mathematics paper,Board of School Education Haryana (BSEH),State,Haryana,confirmed,"Exam cancelled at affected centres; re-exam held March 27, 2025; teachers detained in Nuh; FIR filed","Part of 2,044 candidates who reappeared in March 27/29 re-exams",Maths paper leaked and circulated on WhatsApp in Nuh district during Feb 28 exam,"""Haryana Board Class 10, 12 exams 2025 leaked; 12th English paper cancelled in Palwal, FIR filed"" - Careers360, https://news.careers360.com/haryana-board-paper-leak-2025-class-12-english-exam-cancelled-in-palwal-fir-filed-class-10-mathematics-nuh-reports/amp",,Added 2024-2026 (verified news sources),2025,School Board,Re-exam held or ordered,School — Class 10,271499.0,"appeared; HBSE Class 10 2025: 2,71,499 appeared","Haryana HBSE 10th Results 2025 - Careers360, https://school.careers360.com/boards/hbse/haryana-10th-results-2025-direct-link",271499.0
28-02-2025,PSEB Class 12 English paper,Punjab School Education Board (PSEB),State,Punjab,confirmed,Board cancelled the Feb 28 English paper after flying-squad investigation report; re-exam ordered with fresh date,"Cancellation announced March 3 based on board flying squad findings; 278 flying teams deployed across 2,300 centres","Class 12 English paper compromised/leaked, leading to statewide cancellation","""Punjab Board 2025: PSEB cancels class 12 English paper after paper leak"" - India TV News, https://www.indiatvnews.com/education/high-schools/punjab-board-2025-pseb-cancels-class-12-english-paper-after-paper-leak-check-details-2025-03-03-978872",,Added 2024-2026 (verified news sources),2025,School Board,"Cancelled/Postponed, no re-exam recorded",School — Class 12,265388.0,appeared; Whole PSEB Class 12 2025; English paper cancelled at one Ferozepur centre,"PSEB Punjab Board 12th 2025 - Indian Express, https://indianexpress.com/article/education/pseb-punjab-board-12th-toppers-list-2025-list-of-scoring-students-10004582/",265388.0
02-03-2025,MP Board Class 10/12 exams 2025 (Telegram paper-leak selling racket),Madhya Pradesh Board of Secondary Education (MPBSE),State,Madhya Pradesh,accused,Crime branch arrested 19-year-old from Bhind running 3 Telegram groups; another held in Chhindwara; action against a dozen-plus Telegram groups,"Police said racket sold fake leaked papers for Rs 500-2,000; no genuine board paper leak established","Ahead of exams from Feb 25, 2025, Telegram channels claimed to sell MP Board 10th/12th papers; fraudsters cheated students","""MP board exam scam: Telegram paper leak fraud"" - Aaj Tak, https://www.aajtak.in/madhya-pradesh/story/mp-board-exam-scam-telegram-paper-leak-fraud-lclnt-rptc-2179875-2025-03-02",,Added 2024-2026 (verified news sources),2025,School Board,No judgement — dismissed or no action,School — Class 10,1660252.0,"registered; MPBSE 2025 main exams total (9,53,777 Class 10 + 7,06,475 Class 12)","MP Board Exams 2025 - Shiksha, https://www.shiksha.com/news/boards-mp-board-exams-2025-mpbse-class-12-exam-begins-with-strict-guidelines-blogId-191380",1660252.0
03-03-2025,Manipur Class 12 (HSSLC) Physics paper,Council of Higher Secondary Education Manipur (COHSEM),State,Manipur,confirmed,Two arrested including physics teacher who was supervisor at AOC exam centre,Exam committee weighed re-exam; leak detected and police acted within days,"Physics paper leaked about 30 minutes before the March 3 exam, days after HSLC Social Science leak","""Paper leak in Class XII exam detected"" - The Sangai Express, https://www.thesangaiexpress.com/Encyc/2025/3/3/By-Our-Staff-ReporterIMPHAL-Mar-3-Days-after-HSLCE-Social-Science-question-paper-was-leaked-and-two-teache.html",,Added 2024-2026 (verified news sources),2025,School Board,Re-exam held or ordered,School — Class 12,28909.0,"appeared; Manipur HSSLC 2025: 28,909 appeared","Manipur COHSEM 12th results 2025 - Hindustan Times, https://www.hindustantimes.com/education/board-exams/manipur-board-class-12-result-2025-cohsem-12th-results-out-94-students-pass-101745578938912.html",28909.0
04-03-2025,UP Board Class 10 Mathematics paper (Etah),Uttar Pradesh Madhyamik Shiksha Parishad (UPMSP),State,Uttar Pradesh,confirmed,Case registered against centre-in-charge under UP Public Examination (Prevention of Unfair Means) Act 2024; phone seized; probe ordered,Paper posted at 9:37 am on official 125-member WhatsApp group while exam was in progress; withdrawn quickly; exam not cancelled,"Centre-in-charge of Chaudhary BL Inter College, Etah shared live question paper on WhatsApp group during exam","""Class 10 mathematics paper leaked on WhatsApp group: UP Board's probe on"" - Business Today, https://www.businesstoday.in/education/exams/story/class-10-mathematics-paper-leaked-on-whatsapp-group-up-boards-probe-on-466593-2025-03-04",,Added 2024-2026 (verified news sources),2025,School Board,"Cancelled/Postponed, no re-exam recorded",School — Class 10,2732000.0,registered; Over 27.32 lakh Class 10 of 54.37 lakh total UP Board 2025,"UP Board exams 2025 begin for 54.37 lakh - Careers360, https://news.careers360.com/up-board-class-10-12-exams-2025-begin-today-for-54-37-lakh-candidates-timings-dress-code-guidelines",2732000.0
08-03-2025,HPBOSE Class 12 English paper,Himachal Pradesh Board of School Education (HPBOSE),State,Himachal Pradesh,confirmed,"Exam cancelled across all centres in the state as precaution; re-exam held March 29, 2025","Seal of Class 12 English paper mistakenly opened during Class 10 exam on March 7 at GSSS Chowari, Chamba; breach verified via Exam Mitra app footage",Board cancelled the paper statewide over possibility of leak before scheduled March 8 exam,"""HPBOSE cancels Class 12 English exam 2025 due to possibility of paper leak"" - Careers360, https://news.careers360.com/himachal-pradesh-board-hpbose-cancels-class-12-english-exam-2025-due-possibility-of-paper-leak",,Added 2024-2026 (verified news sources),2025,School Board,Re-exam held or ordered,School — Class 12,85777.0,appeared; Whole HPBOSE Class 12 2025 cohort; English paper cancelled statewide,"HPBOSE 12th result 2025 - Times of India, https://timesofindia.indiatimes.com/education/news/hpbose-12th-result-2025-expected-to-be-released-by-this-date-check-past-trends-how-to-access-and-other-details/articleshow/120718656.cms",85777.0
20-03-2025,Assam Class 9 Annual Examination English paper (Barpeta district),Assam State School Education Board (ASSEB),State,Assam,confirmed,March 20 English exam cancelled by Barpeta Inspector of Schools; new date to be announced; matter reported to authorities,Cancellation order cited unavoidable circumstances after officials learned of leak on the evening before the exam,Class 9 English annual exam question paper went viral on social media in Barpeta district before the scheduled exam,"""Assam Class 9 English paper 2025 cancelled due to paper leak"" - Careers360, https://news.careers360.com/assam-class-9-english-paper-2025-leaked-social-media-annual-exam-cancelled/amp",,Added 2024-2026 (verified news sources),2025,School Board,"Cancelled/Postponed, no re-exam recorded",School — other/combined,,not found: no credible figure published,,
21-03-2025,"Assam Higher Secondary First Year (Class 11) Examination - Mathematics, then all remaining papers",Assam State School Education Board (ASSEB),State,Assam,confirmed,All remaining Class 11 exams (36 subjects) cancelled; FIR filed at CID HQ plus 18 cases at police stations; affiliation of 15 private schools in 10 districts suspended; schools barred from Class 11 admissions 2025-26,Student bodies demanded Education Minister's resignation and removal of board chief; leak blamed on 18 schools breaking security seals a day early,HS first year Mathematics paper scheduled March 21 leaked after 18 schools including 3 government institutes broke the security seal on March 20; multiple further leaks reported across the state,"""Assam: All Class 11 state board exams cancelled after paper leak"" - Deccan Herald/PTI, https://www.nationalheraldindia.com/national/assam-all-class-11-state-board-exams-cancelled-after-paper-leak",,Added 2024-2026 (verified news sources),2025,School Board,"Cancelled/Postponed, no re-exam recorded",School — other/combined,,not found: no credible figure published,,
21-03-2025,Telangana SSC (Class 10) Telugu first-language paper,"Directorate of Government Examinations, Telangana",State,Telangana,confirmed,"Five arrested (including private teacher and Xerox shop owner), minor apprehended; multiple exam officials dismissed",No re-exam; paper photographed during exam and circulated with written answers via WhatsApp; six more suspects probed,"Minor climbed wall of girls' residential school exam centre at Nakrekal, Nalgonda, photographed Telugu paper; answers circulated for money","""Five held in SSC Telugu exam paper leak case"" - Deccan Chronicle, https://www.deccanchronicle.com/southern-states/telangana/five-held-in-ssc-telugu-exam-paper-leak-case-1868724",500000.0,Added 2024-2026 (verified news sources),2025,School Board,No judgement — dismissed or no action,School — Class 10,500000.0,as reported in incident coverage,"""Five held in SSC Telugu exam paper leak case"" - Deccan Chronicle, https://www.deccanchronicle.com/southern-states/telangana/five-held-in-ssc-telugu-exam-paper-leak-case-1868724",500000.0
16-04-2025,UPESSC Assistant Professor Recruitment Examination,Uttar Pradesh Education Service Selection Commission (UPESSC),State,Uttar Pradesh,confirmed,"Three accused arrested by STF; FIR at Vibhutikhand police station, Lucknow; UP government cancelled the exam and ordered fresh recruitment; UPESSC chairperson resigned","Accused, including the chairperson's confidential assistant, accessed question papers during the moderation process and supplied them to candidates for money",Paper leak racket uncovered during the April 16-17 assistant professor exam after STF intelligence; CM ordered confidential inquiry leading to cancellation,"""UPESSC assistant professor exam cancelled after paper leak; three arrested"" - Careers360, https://news.careers360.com/upessc-assistant-professor-exam-cancellation-paper-leak-stf-arrests-fir-chairperson-resignation-fresh-recruitment-examination/amp",,Added 2024-2026 (verified news sources),2025,Teacher & Academia,"Cancelled/Postponed, no re-exam recorded",Postgraduate & professional,114000.0,"registered; Approx 1.14 lakh applied for 1,017 assistant professor posts; exam cancelled Jan 2026","UP govt cancels assistant professor recruitment exam - Times of India, https://timesofindia.indiatimes.com/city/lucknow/cm-cancels-asst-prof-exam-over-irregularities/articleshow/126401717.cms",114000.0
04-05-2025,NEET UG 2025 (fake leak claims),National Testing Agency (NTA),Central,All India,accused,"NTA flagged over 1,500 suspicious paper-leak claims; action against 165 Telegram channels and 32 Instagram accounts; exam held as scheduled and not cancelled",NTA declared all leak claims baseless/fraudulent scams targeting anxious aspirants; warned of penalties under Public Examinations (Prevention of Unfair Means) Act,"Ahead of the May 4, 2025 exam, social media accounts claimed to sell leaked NEET UG papers; no genuine leak was established, unlike the 2024 episode","""NEET 2025: Over 1500 suspicious Paper Leak Claims, NTA Flags Telegram, Instagram Accounts"" - Medical Dialogues, https://medicaldialogues.in/news/education/medical-admissions/neet-2025-over-1500-suspicious-paper-leak-claims-nta-flags-122-telegram-instagram-accounts-147607",,Added 2024-2026 (verified news sources),2025,Medical,"Cancelled/Postponed, no re-exam recorded",Undergraduate entrance & courses,2276069.0,"registered; NEET-UG 2025: 22,76,069 registered, 22,09,318 appeared","NEET 2025 Highlights - Medical Dialogues, https://medicaldialogues.in/news/education/medical-admissions/neet-2025-highlights-check-out-results-toppers-key-statistics-150038",2276069.0
19-07-2025,Special OTET 2025 (Special Odisha Teacher Eligibility Test),"Board of Secondary Education (BSE), Odisha",State,Odisha,confirmed,Exam postponed indefinitely on eve of exam; Crime Branch probe; 8 arrests including BSE vice-president and data entry operator,BSE VP arrested 03-08-2025 after leak traced to his official laptop; Rs 2.4 lakh payment trail found,Question paper for in-service teachers' eligibility test leaked and sold before the 20 July exam across 193 centres in 30 districts; late-night cancellation notification issued,"""OTET question paper leak: Crime Branch arrests Odisha BSE vice president Nihar Ranjan Mohanty"" - OdishaTV, https://odishatv.in/news/odisha/otet-question-paper-leak-crime-branch-arrests-odisha-bse-vice-president-nihar-ranjan-mohanty-269102",75403.0,Added 2024-2026 (verified news sources),2025,Teacher & Academia,"Cancelled/Postponed, no re-exam recorded",Job & recruitment exams,75403.0,as reported in incident coverage,"""OTET question paper leak: Crime Branch arrests Odisha BSE vice president Nihar Ranjan Mohanty"" - OdishaTV, https://odishatv.in/news/odisha/otet-question-paper-leak-crime-branch-arrests-odisha-bse-vice-president-nihar-ranjan-mohanty-269102",75403.0
24-08-2025,"JKSSB Junior Engineer (Electrical) Exam, Power Development Department",Jammu and Kashmir Services Selection Board (JKSSB),State,Jammu and Kashmir,accused,Entire OMR-based exam cancelled same day; to be conducted afresh with new dates,Cancellation ordered after viral videos and candidate claims; political outrage against government; leak never officially confirmed,Videos showed candidates outside a Srinagar centre answering questions on phones; candidates alleged paper circulated on social media before exam held at 35 centres in Jammu and Srinagar,"""JKSSB exams cancelled after paper leak allegations spark outrage"" - Greater Kashmir, https://www.greaterkashmir.com/jammu-kashmir/jkssb-exams-cancelled-after-paper-leak-allegations-spark-outrage/",,Added 2024-2026 (verified news sources),2025,Engineering,"Cancelled/Postponed, no re-exam recorded",Job & recruitment exams,,not found: no credible figure published,,
21-09-2025,UKSSSC Graduate Level Recruitment Examination (416 posts),Uttarakhand Subordinate Service Selection Commission (UKSSSC),State,Uttarakhand,confirmed,Exam cancelled on 11-10-2025 after inquiry commission report; re-exam ordered within 3 months; main accused arrested from Haridwar; state recommended CBI probe,Cancellation followed one-man inquiry commission report and mass protests by Uttarakhand Unemployed Union; candidate photographed paper inside centre,Three pages of question paper photographed inside a Haridwar centre and sent out via WhatsApp during the exam; screenshots went viral on social media,"""UKSSSC Paper Leak: Uttarakhand government cancels graduate-level examination; to be held within 3 months"" - Careers360, https://news.careers360.com/uksssc-paper-leak-uttarakhand-government-cancels-graduate-level-examination-to-be-held-within-3-months",105000.0,Added 2024-2026 (verified news sources),2025,Other Recruitment,Re-exam held or ordered,Job & recruitment exams,105000.0,as reported in incident coverage,"""UKSSSC Paper Leak: Uttarakhand government cancels graduate-level examination; to be held within 3 months"" - Careers360, https://news.careers360.com/uksssc-paper-leak-uttarakhand-government-cancels-graduate-level-examination-to-be-held-within-3-months",105000.0
30-11-2025,West Bengal Police Constable Recruitment Written Exam 2025,West Bengal Police Recruitment Board (WBPRB),State,West Bengal,accused,"10 people arrested in Purba Bardhaman on exam day in question-leak case; court sent 2 to police custody, 8 to judicial custody; exam not cancelled",Separate arrest of a civic volunteer days earlier for taking money promising leaked papers; fake coaching centre operators also held in Barrackpore,Question paper allegedly leaked/circulated and solved via a coaching-centre network during the single-shift written exam; board did not cancel the exam,"""Bardhaman: 10 Arrested in Police Constable Exam Question Leak Case"" - IANS via Social News XYZ, https://www.socialnews.xyz/2025/11/30/bardhaman-10-arrested-in-police-constable-exam-question-leak-case-gallery/",,Added 2024-2026 (verified news sources),2025,Police & Defence,"Cancelled/Postponed, no re-exam recorded",Job & recruitment exams,,not found: no credible figure published,,
18-12-2025,CSIR UGC NET December 2025,National Testing Agency (NTA),Central,Haryana,accused,Two accused arrested in Sonipat; police probe into cheating-mafia network; exam not cancelled,"Haryana CM denied any paper leak, said exam held as per rules; reports said exams at some centres could face cancellation",Question paper allegedly reached a cheating gang a day before the exam; about 37 students allegedly coached with the leaked paper in a Sonipat building at Rs 3-4 lakh each,"""CSIR UGC NET 2025 'paper leaked' in Haryana: two arrested, Congress blames BJP"" - Careers360, https://news.careers360.com/csir-ugc-net-2025-paper-leaked-in-haryana-two-arrested-congress-blames-bjp-nta-jrf-phd-cheating-mafia-gang-recruitment-scam",,Added 2024-2026 (verified news sources),2025,Teacher & Academia,"Cancelled/Postponed, no re-exam recorded",Postgraduate & professional,210000.0,registered; CSIR UGC NET Dec 2025: 2.1 lakh candidates nationally,"CSIR UGC NET Dec 2025 final answer key for 2.1 lakh - Careers360, https://news.careers360.com/csir-ugc-net-december-2025-final-answer-key-out-nta-for-21-lakh-drops-3-questions-jrf-phd-admissions-science-assistant-professor",210000.0
01-01-2026,BCom 5th Semester Advanced Accounting Examination,Bengaluru City University,State,Karnataka,accused,Inquiry panel formed; police complaint filed,"University constituted committee under senior Syndicate member; exam held as scheduled, not cancelled",NSUI alleged the question paper circulated on WhatsApp the evening before the Jan 1 exam; university denied the allegation,"""Bengaluru City University forms panel to look into question paper leak case"" - Deccan Herald, https://www.deccanherald.com/india/karnataka/bengaluru/bengaluru-city-university-forms-panel-to-look-into-question-paper-leak-case-3850741",,Added 2024-2026 (verified news sources),2026,University,"Cancelled/Postponed, no re-exam recorded",Undergraduate entrance & courses,,not found: no credible figure published,,
06-01-2026,Karnataka II PUC preparatory Mathematics exam,Karnataka School Examination and Assessment Board (KSEAB),State,Karnataka,accused,No action reported; board conducted exam with the same leaked paper; students and parents demanded probe,"Paper circulated widely on WhatsApp a day before; board proceeded without change, drawing criticism","II PUC preparatory maths paper leaked on WhatsApp on Jan 5, exam held Jan 6 with identical paper","""Karnataka PU board under fire as II PUC Mathematics paper leaks before exam"" - NewsFirst Prime, https://newsfirstprime.com/karnataka/karnataka-pu-board-under-fire-as-ii-puc-mathematics-paper-leaks-before-exam-10975121",,Added 2024-2026 (verified news sources),2026,School Board,Legal/administrative action only,School — Class 12,710363.0,registered; Proxy: full Karnataka II PUC 2026 cohort for the preparatory exam,"Karnataka PUC 2 begins for over 7 lakh - Indian Express, https://indianexpress.com/article/education/kseab-2026-exams-karnataka-board-puc-2-begins-on-february-28-over-7-lakh-students-10553627/",710363.0
21-01-2026,JEE Main 2026 Session 1 (fake leak claims),National Testing Agency (NTA),Central,All India,accused,NTA advisory dismissing claims; legal action warned,"NTA said papers are never sold on Telegram/WhatsApp, called viral posts fake and part of organised online fraud; exam continued as scheduled","Leak claims flooded WhatsApp, Telegram and X on the first exam day (Jan 21); no leak was ever established","""JEE Main 2026 paper leaked? NTA issues warning against fake paper leak claims"" - India TV News, https://www.indiatvnews.com/education/news/jee-main-2026-paper-leaked-nta-issues-warning-against-fake-paper-leak-claims-2026-01-22-1026996",,Added 2024-2026 (verified news sources),2026,Engineering,No judgement — dismissed or no action,Undergraduate entrance & courses,1300368.0,"appeared; JEE Main 2026 Session 1 Paper 1: 13,00,368 appeared (record 96.25% attendance)","JEE Main 2026 January Session Records Highest-Ever Attendance - ETV Bharat, https://www.etvbharat.com/en/bharat/jee-main-2026-record-around-13-lakhs-candidates-appeared-for-first-session-exam-enn26012905787",1300368.0
16-02-2026,CBSE Class 10 and 12 Board Exams 2026 (fake leak claims),Central Board of Secondary Education (CBSE),Central,All India,accused,"Official advisory dated Feb 16, 2026 against fake leak rumours; security tightened with govt/NIOS/CISCE; stringent action warned","CBSE said viral leaked papers were fake, meant to scam students for money ahead of exams starting Feb 17, 2026",Fake question paper leak claims circulated on social media before/during 2026 exams; board issued formal advisory,"""Advisory on Circulation of Fake News and Rumours (16.02.2026)"" - CBSE official, https://www.cbse.gov.in/cbsenew/documents/Advisory_Fake_News_Rumours_18022026.pdf",4600000.0,Added 2024-2026 (verified news sources),2026,School Board,No judgement — dismissed or no action,School — Class 10,4600000.0,as reported in incident coverage,"""Advisory on Circulation of Fake News and Rumours (16.02.2026)"" - CBSE official, https://www.cbse.gov.in/cbsenew/documents/Advisory_Fake_News_Rumours_18022026.pdf",4600000.0
17-02-2026,MP Board Class 10 English Examination 2026,Madhya Pradesh Board of Secondary Education (MPBSE),State,Madhya Pradesh,accused,Invigilator booked and suspended; centre superintendent and assistant superintendent also suspended,FIR registered under MP Recognised Examinations Act and Bharatiya Nyaya Samhita; MPBSE clarified the paper was not leaked pre-exam and the exam was not cancelled,Invigilator allegedly photographed the paper and posted it on her WhatsApp status around 9:06 am after the exam began at a government school,"""MP Teacher Suspended for Leaking 10th Board Paper on WhatsApp"" - Deccan Chronicle, https://www.deccanchronicle.com/nation/mp-female-teacher-in-mp-school-posts-question-paper-of-10th-board-exams-as-her-whatsapp-status-for-leakage-suspended-1937935",,Added 2024-2026 (verified news sources),2026,School Board,"Cancelled/Postponed, no re-exam recorded",School — Class 10,900000.0,registered; Over 9 lakh registered MPBSE Class 10 2026; approx,"MP Board Class 10th result 2026 - Times of India, https://timesofindia.indiatimes.com/education/news/mp-board-class-10th-result-2026-released-with-73-42-pass-percentage-check-steps-to-download-scorecards-here/articleshow/130274573.cms",900000.0
18-02-2026,Maharashtra HSC Class 12 Chemistry Examination 2026,Maharashtra State Board of Secondary and Higher Secondary Education (MSBSHSE),State,Maharashtra,confirmed,Two arrested including coaching director; case registered at Sadar police station Nagpur; board ruled out re-exam,MSBSHSE said the circulation was localised minutes before the exam so no re-examination; police probe continued into tuition-centre mastermind; probe found Physics paper of Feb 16 also circulated,Paper shared with answers on a WhatsApp group of about 12-13 students at 10:37-10:40 am before the exam at a Nagpur centre; detected after a student's smartphone was seized,"""Maharashtra HSC 2026: No Re-Exam For Chemistry Paper, Says State Board After Nagpur Incident"" - Free Press Journal, https://www.freepressjournal.in/education/maharashtra-hsc-2026-no-re-exam-for-chemistry-paper-says-state-board-after-nagpur-incident",1500000.0,Added 2024-2026 (verified news sources),2026,School Board,No judgement — dismissed or no action,School — Class 12,1500000.0,as reported in incident coverage,"""Maharashtra HSC 2026: No Re-Exam For Chemistry Paper, Says State Board After Nagpur Incident"" - Free Press Journal, https://www.freepressjournal.in/education/maharashtra-hsc-2026-no-re-exam-for-chemistry-paper-says-state-board-after-nagpur-incident",1500000.0
18-02-2026,UP Board Class 10 and 12 Exams 2026 (viral leak claims),Uttar Pradesh Madhyamik Shiksha Parishad (UPMSP),State,Uttar Pradesh,accused,UPMSP warned of FIRs against those circulating forged papers; 18 districts declared sensitive; two solvers arrested in Varanasi,"Board said viral papers were fake/forged and rumours misleading; exams (Feb 18-Mar 12, 2026) continued as scheduled",Anti-social elements circulated fake question papers on social media claiming leaks during 2026 exams,"""UP Board Exams 2026 paper leak? Board Officials issue major statement, caution students"" - India.com, https://www.india.com/education/up-board-exams-2026-paper-leak-board-officials-issue-major-statement-on-rumours-of-upmsp-uttar-pradesh-class-10-12-paper-leak-calls-misleading-caution-students-18-districts-declared-sensitive-8311532/",,Added 2024-2026 (verified news sources),2026,School Board,No judgement — dismissed or no action,School — Class 10,5230297.0,"registered; UP Board 2026 total: 27,50,945 Class 10 + 24,79,352 Class 12","UP Board exams 2026 for 52 lakh students - Careers360, https://news.careers360.com/up-board-exams-2026-high-school-intermediate-upmsp-hs-inter-february-18-control-room-online-monitoring-8033-centres-52-lakh",5230297.0
28-02-2026,Karnataka 2nd PUC Board Exams 2026 (viral leak claims),Karnataka School Examination and Assessment Board (KSEAB),State,Karnataka,accused,"KSEAB denied leak, declared viral papers fake; minister directed monitoring of social media","Scammers demanded about Rs 100 from students claiming to sell original papers ahead of exams beginning Feb 28, 2026",Rumours of 2nd PUC 2026 paper leak spread online before exams; board issued official denial,"""Karnataka 2nd PUC 2026 Question Paper Leak Denied by KSEAB"" - Shiksha News, https://www.shiksha.com/news/boards-karnataka-2nd-puc-2026-question-paper-leak-denied-by-kseab-get-details-blogId-223284",,Added 2024-2026 (verified news sources),2026,School Board,No judgement — dismissed or no action,School — Class 12,710363.0,"registered; Karnataka 2nd PUC 2026: 7,10,363 registered","Karnataka PUC 2 begins for over 7 lakh - Indian Express, https://indianexpress.com/article/education/kseab-2026-exams-karnataka-board-puc-2-begins-on-february-28-over-7-lakh-students-10553627/",710363.0
14-03-2026,CGBSE Class 12 Hindi paper,Chhattisgarh Board of Secondary Education (CGBSE),State,Chhattisgarh,confirmed,"Exam cancelled after examination committee found integrity compromised; FIR filed; re-exam held April 10, 2026 with freshly set paper",CM assured non-bailable charges against culprits; police and cyber cell traced leak source,Hindi paper circulated on social media/WhatsApp shortly before March 14 exam; viral paper matched actual paper,"""CGBSE Hindi Paper Leak: Chhattisgarh board Class 12 re-exam on April 10"" - Careers360, https://news.careers360.com/chhattisgarh-board-12th-hindi-re-exam-2026-on-april-10-timings-cgbse-paper-leak-social-media-claims",,Added 2024-2026 (verified news sources),2026,School Board,"Cancelled/Postponed, no re-exam recorded",School — Class 12,244000.0,"appeared; Whole CGBSE Class 12 2026 (~2.44 lakh); Hindi paper cancelled, re-exam Apr 10","Chhattisgarh Class 12th results - Dainik Bhaskar English, https://www.bhaskarenglish.in/local/chhattisgarh/news/chhattisgarh-class-12-results-jigyasu-verma-tops-state-137816270.html",244000.0
12-04-2026,JSSC Excise Constable Competitive Examination,Jharkhand Staff Selection Commission (JSSC),State,Jharkhand,accused,164+ arrested including 159 candidates; FIR at Tamar PS; 2400-page chargesheet naming 179 accused,Interstate solver gang busted in Apr 11 night raid; BJP demanded CBI probe; chargesheet indicates candidates were also defrauded of crores with purported question papers; exam not reported cancelled,"Candidates allegedly paid Rs 10-15 lakh for advance solved papers; police recovered printers, prepared question papers, answer sheets and admit cards from an under-construction building in Tamar, Ranchi on the eve of the exam","""Jharkhand paper leak 2026: 159 candidates held in excise exam scam case row"" - Deccan Herald, https://www.deccanherald.com/india/jharkhand/jharkhand-159-candidates-among-164-held-over-paper-leak-allegations-in-excise-recruitment-exam-3965519",,Added 2024-2026 (verified news sources),2026,Police & Defence,"Cancelled/Postponed, no re-exam recorded",Job & recruitment exams,148000.0,appeared; 1.48 lakh across 370 centres for 583 posts,"BJP Demands CBI Probe Into Jharkhand Excise Constable Exam Row - The Avenue Mail, https://avenuemail.in/jharkhand-bjp-governor-cbi-probe-excise-constable-exam-leak/",148000.0
14-04-2026,BPSC AEDO and APS/WMO Recruitment Examinations,Bihar Public Service Commission (BPSC),State,Bihar,accused,Both examinations cancelled; FIRs and punitive measures initiated,BPSC said cancellation was over Bluetooth-device cheating attempts at some centres and stressed there was no proof of any question paper being leaked despite viral social media claims,Exams cancelled on Apr 30 after confirmed malpractice attempts combined with misleading leak reports on social media; AEDO exam had drawn 10.97 lakh applications,"""BPSC Bihar AEDO Exam 2026 cancelled after malpractice attempts, check official notice here"" - India TV News, https://www.indiatvnews.com/education/news/bpsc-aedo-exam-2026-cancelled-after-malpractice-attempts-check-official-notice-here-2026-05-01-1039619",1097000.0,Added 2024-2026 (verified news sources),2026,Civil Services & Govt Jobs,"Cancelled/Postponed, no re-exam recorded",Job & recruitment exams,1097000.0,as reported in incident coverage,"""BPSC Bihar AEDO Exam 2026 cancelled after malpractice attempts, check official notice here"" - India TV News, https://www.indiatvnews.com/education/news/bpsc-aedo-exam-2026-cancelled-after-malpractice-attempts-check-official-notice-here-2026-05-01-1039619",1097000.0
03-05-2026,NEET-UG 2026,National Testing Agency (NTA),Central,All India,confirmed,Exam cancelled on May 12; CBI FIR and nationwide probe; 13+ arrests by early June; re-exam held June 21; NEET to move to computer-based test from 2027,"CBI arrested NTA-appointed subject experts, a Latur coaching owner and a Gurugram doctor among others; fees refunded; education minister admitted breach in the command chain",Rajasthan SOG recovered a handwritten guess paper of ~120-140 questions circulated before the exam that closely matched the actual paper; leak traced to paper transportation/strongroom chain; 22.7 lakh candidates had appeared,"""2026 NEET controversy"" - Wikipedia/Oneindia/Medical Dialogues, https://en.wikipedia.org/wiki/2026_NEET_controversy",2270000.0,Added 2024-2026 (verified news sources),2026,Medical,Re-exam held or ordered,Undergraduate entrance & courses,2270000.0,as reported in incident coverage,"""2026 NEET controversy"" - Wikipedia/Oneindia/Medical Dialogues, https://en.wikipedia.org/wiki/2026_NEET_controversy",2270000.0
24-05-2026,UPSC Civil Services Preliminary Examination 2026 (leak claims),Union Public Service Commission (UPSC),Central,All India,accused,PIB Fact Check declared the leak claims fake; UPSC paper-setting process defended,"Government said UPSC papers are set by experts selected across India; named coaching institute denied allegations, citing routine backdating of article publish timestamps","NSUI alleged 82 of 100 prelims questions matched one coaching institute's content, implying a leak; claims went viral after the May 24 exam; no leak established","""Centre debunks claims of civil services prelims exam question paper leak"" - ThePrint, https://theprint.in/india/centre-debunks-claims-of-civil-services-prelims-exam-question-paper-leak/2961367/",,Added 2024-2026 (verified news sources),2026,Civil Services & Govt Jobs,No judgement — dismissed or no action,Job & recruitment exams,819732.0,"registered; UPSC CSE Prelims 2026: 8,19,732 applied, ~5.49 lakh appeared","Nearly 5.49 lakh appeared in civil services prelims - Economic Times/PTI, https://m.economictimes.com/news/india/nearly-5-49-lakh-candidates-appeared-in-civil-services-preliminary-exam-upsc/articleshow/131293343.cms",819732.0
21-06-2026,NEET-UG 2026 Re-examination (fake leak claims),National Testing Agency (NTA),Central,All India,accused,"NTA debunked viral claims, referred Telegram videos to cybercrime unit, warned legal action; PIB fact-checked claims as fake","NTA called viral Telegram paper-for-sale videos fake; separately Bihar police arrested 30 in a Lakhisarai solver racket on re-exam day and formed a 12-member SIT - a cheating case, not a proven leak",Social media posts alleged the June 21 re-exam paper was leaked/sold on Telegram before the test; no evidence of any leak was found,"""NEET re-exam 2026 paper leaked? NTA debunks viral claims, to take legal actions"" - India TV News, https://www.indiatvnews.com/education/news/neet-re-exam-2026-paper-leaked-nta-debunks-viral-claims-to-take-legal-actions-2026-06-27-1046310",,Added 2024-2026 (verified news sources),2026,Medical,No judgement — dismissed or no action,Undergraduate entrance & courses,2000000.0,"appeared; More than 20 lakh appeared in NEET-UG 2026 re-exam at 5,440 centres","Over 20 lakh appear for NEET-UG 2026 re-exam - The Hindu, https://www.thehindu.com/news/national/neet-ug-retest-centres-tight-security-candidates-examination-june-21-2026/article71128810.ece",2000000.0
28-06-2026,Maharashtra Teacher Eligibility Test (TET) 2026,"Maharashtra State Council of Examination, Pune",State,Maharashtra,confirmed,Exam postponed indefinitely; 3 arrested; SIT ordered by state government,Bhiwandi police trap on June 27 recovered four physical copies of the TET question paper verified as matching the originals; government ordered SIT probe into the leak network,"Tip-off about paper being sold in Kongaon area of Bhiwandi, Thane a day before the June 28 exam; three held with papers, cash and cards; over 6 lakh candidates were to appear at 1,000+ centres","""Maharashtra TET 2026 postponed after Thane question paper leak; 3 held, SIT formed"" - The Federal, https://thefederal.com/category/education/maharashtra-tet-paper-leak-sit-exam-postponed-3-persons-arrested-248358",600000.0,Added 2024-2026 (verified news sources),2026,Teacher & Academia,"Cancelled/Postponed, no re-exam recorded",Job & recruitment exams,600000.0,as reported in incident coverage,"""Maharashtra TET 2026 postponed after Thane question paper leak; 3 held, SIT formed"" - The Federal, https://thefederal.com/category/education/maharashtra-tet-paper-leak-sit-exam-postponed-3-persons-arrested-248358",600000.0
